{"v":"5.6.3","fr":60,"ip":0,"op":120,"w":1080,"h":1080,"nm":"bulgarian_split_squat","ddd":0,"assets":[],"layers":[{"ddd":0,"ind":1,"ty":4,"nm":"Arm","parent":5,"sr":1,"ks":{"o":{"a":0,"k":100,"ix":11},"r":{"a":0,"k":0,"ix":10},"p":{"a":0,"k":[592.625,381.18,0],"ix":2},"a":{"a":0,"k":[592.625,381.18,0],"ix":1},"s":{"a":0,"k":[100,100,100],"ix":6}},"ao":0,"shapes":[{"ty":"gr","it":[{"ind":0,"ty":"sh","ix":1,"ks":{"a":0,"k":{"i":[[0.846,12.391],[-7.966,7.282],[-10.976,-7.688],[-1.564,-5.332],[-7.175,-6.492],[-6.388,-8.747],[-4.425,-7.352],[-2.541,-7.742],[-0.199,-4.356],[3.442,-4.077],[4.208,-1.262],[5.392,4.563],[5.502,4.998],[5.039,5.602],[3.885,7.583],[2.629,2.862],[3.355,2.279],[2.685,3.306]],"o":[[-0.743,-10.878],[9.961,-9.107],[18.634,13.052],[2.828,9.641],[6.241,5.646],[5.086,6.966],[4.219,7.013],[1.327,4.044],[0.244,5.346],[-2.859,3.386],[-7.147,2.143],[-5.7,-4.825],[-5.573,-5.061],[-5.679,-6.315],[-1.765,-3.446],[-2.784,-3.029],[-3.535,-2.403],[-7.761,-9.555]],"v":[[-60.353,-38.381],[-47.589,-68.296],[-6.508,-69.134],[14.005,-39.811],[20.778,-19.194],[36.87,0.319],[47.979,18.65],[57.242,41.27],[60.853,53.121],[55.742,67.863],[43.859,75.261],[24.179,69.121],[7.916,53.652],[-8.177,37.806],[-22.871,17.032],[-27.172,11.235],[-37.263,4.217],[-46.446,-4.783]],"c":true},"ix":2},"nm":"Path 1","mn":"ADBE Vector Shape - Group","hd":false},{"ty":"fl","c":{"a":0,"k":[0.847000002394,0.607999973671,0.501999978458,1],"ix":4},"o":{"a":0,"k":100,"ix":5},"r":1,"bm":0,"nm":"Fill 1","mn":"ADBE Vector Graphic - Fill","hd":false},{"ty":"tr","p":{"a":0,"k":[620.169,417.318],"ix":2},"a":{"a":0,"k":[0,0],"ix":1},"s":{"a":0,"k":[100,100],"ix":3},"r":{"a":0,"k":0,"ix":6},"o":{"a":0,"k":100,"ix":7},"sk":{"a":0,"k":0,"ix":4},"sa":{"a":0,"k":0,"ix":5},"nm":"Transform"}],"nm":"Group 1","np":4,"cix":2,"bm":0,"ix":1,"mn":"ADBE Vector Group","hd":false}],"ip":0,"op":120,"st":0,"bm":0},{"ddd":0,"ind":2,"ty":4,"nm":"Hand ","parent":3,"sr":1,"ks":{"o":{"a":0,"k":100,"ix":11},"r":{"a":0,"k":0,"ix":10},"p":{"a":0,"k":[732.125,365.18,0],"ix":2},"a":{"a":0,"k":[732.125,365.18,0],"ix":1},"s":{"a":0,"k":[100,100,100],"ix":6}},"ao":0,"shapes":[{"ty":"gr","it":[{"ind":0,"ty":"sh","ix":1,"ks":{"a":0,"k":{"i":[[0.985,-0.997],[0.726,-0.909],[0.567,-0.875],[0.494,-0.612],[-0.18,-0.705],[-0.238,-0.297],[-1.423,0.343],[-2.055,2.883],[-2.029,2.546],[-0.148,0.108],[-0.543,0.33],[0.829,0.825],[0.227,0.104],[0.725,0.094],[0.8,-0.29],[1.772,-1.585]],"o":[[-0.843,0.853],[-0.661,0.827],[-0.419,0.649],[-0.494,0.612],[0.089,0.35],[0.869,1.081],[2.606,-0.627],[1.585,-2.754],[0.076,-0.004],[0.51,-0.369],[0.905,-0.551],[-0.169,-0.169],[-0.648,-0.296],[-0.848,-0.111],[-2.469,0.896],[-1.063,0.951]],"v":[[-4.109,-1.363],[-6.675,1.285],[-8.056,3.991],[-9.591,5.796],[-10.279,7.852],[-9.731,8.815],[-6.708,9.498],[0.861,3.412],[6.475,-4.416],[7.429,-5.364],[9.078,-6.367],[9.63,-8.807],[9.017,-9.204],[6.916,-9.726],[4.372,-9.606],[-1.037,-4.286]],"c":true},"ix":2},"nm":"Path 1","mn":"ADBE Vector Shape - Group","hd":false},{"ty":"fl","c":{"a":0,"k":[0.788000009574,0.54900004069,0.458999992819,1],"ix":4},"o":{"a":0,"k":100,"ix":5},"r":1,"bm":0,"nm":"Fill 1","mn":"ADBE Vector Graphic - Fill","hd":false},{"ty":"tr","p":{"a":0,"k":[764.552,323.391],"ix":2},"a":{"a":0,"k":[0,0],"ix":1},"s":{"a":0,"k":[100,100],"ix":3},"r":{"a":0,"k":0,"ix":6},"o":{"a":0,"k":100,"ix":7},"sk":{"a":0,"k":0,"ix":4},"sa":{"a":0,"k":0,"ix":5},"nm":"Transform"}],"nm":"Group 1","np":4,"cix":2,"bm":0,"ix":1,"mn":"ADBE Vector Group","hd":false},{"ty":"gr","it":[{"ind":0,"ty":"sh","ix":1,"ks":{"a":0,"k":{"i":[[0.306,-0.953],[0.263,-1.004],[0.738,-1.087],[0.069,-0.37],[-0.575,-0.29],[-0.661,0.064],[-1.002,0.954],[-0.56,1.167],[-0.479,0.999],[-0.8,0.533],[-0.787,0.737],[-2.445,1.418],[0,0.222],[0.194,0.116],[1.688,-0.196],[1.793,-1.147],[2.123,-1.36]],"o":[[-0.349,1.089],[-0.322,1.232],[-0.219,0.323],[-0.108,0.583],[0.574,0.289],[1.454,-0.138],[0.976,-0.931],[0.48,-0.999],[0.376,-0.783],[0.864,-0.577],[2.011,-1.881],[0.21,-0.122],[0,-0.208],[-1.4,-0.837],[-2.325,0.269],[-2.123,1.36],[-0.88,0.564]],"v":[[-8.027,0.054],[-8.768,3.352],[-10.161,6.926],[-10.708,7.939],[-9.825,9.395],[-7.891,9.66],[-4.039,7.946],[-1.924,4.655],[-0.486,1.658],[1.132,-0.65],[3.655,-2.236],[10.369,-7.208],[10.816,-7.712],[10.411,-8.186],[5.681,-9.527],[0.002,-6.408],[-6.367,-2.327]],"c":true},"ix":2},"nm":"Path 1","mn":"ADBE Vector Shape - Group","hd":false},{"ty":"fl","c":{"a":0,"k":[0.788000009574,0.54900004069,0.458999992819,1],"ix":4},"o":{"a":0,"k":100,"ix":5},"r":1,"bm":0,"nm":"Fill 1","mn":"ADBE Vector Graphic - Fill","hd":false},{"ty":"tr","p":{"a":0,"k":[753.603,318.298],"ix":2},"a":{"a":0,"k":[0,0],"ix":1},"s":{"a":0,"k":[100,100],"ix":3},"r":{"a":0,"k":0,"ix":6},"o":{"a":0,"k":100,"ix":7},"sk":{"a":0,"k":0,"ix":4},"sa":{"a":0,"k":0,"ix":5},"nm":"Transform"}],"nm":"Group 2","np":4,"cix":2,"bm":0,"ix":2,"mn":"ADBE Vector Group","hd":false},{"ty":"gr","it":[{"ind":0,"ty":"sh","ix":1,"ks":{"a":0,"k":{"i":[[0.547,-1.844],[0.29,-0.599],[0,0],[0.035,-0.188],[-0.023,-0.178],[-0.123,-0.176],[-0.841,0.203],[-0.672,0.906],[-0.335,1.04],[-1.018,1.14],[-1.099,1.391],[-1.438,0.891],[0.954,0.045],[2.037,-2.042],[0.874,-1.282]],"o":[[-0.181,0.611],[0,0],[-0.086,0.177],[-0.033,0.179],[0.026,0.206],[0.519,0.745],[1.177,-0.284],[0.672,-0.905],[0.45,-1.398],[1.217,-1.36],[1.022,-1.293],[2.08,-1.289],[-3.197,-0.151],[-1.122,1.124],[-1.16,1.7]],"v":[[-8.122,3.682],[-8.534,5.456],[-9.2,6.836],[-9.407,7.38],[-9.405,7.919],[-9.216,8.511],[-5.655,8.994],[-2.827,7.036],[-1.422,4.051],[0.156,0.288],[3.362,-3.971],[7.36,-7.088],[4.733,-9.105],[-3.229,-5.45],[-6.189,-1.801]],"c":true},"ix":2},"nm":"Path 1","mn":"ADBE Vector Shape - Group","hd":false},{"ty":"fl","c":{"a":0,"k":[0.788000009574,0.54900004069,0.458999992819,1],"ix":4},"o":{"a":0,"k":100,"ix":5},"r":1,"bm":0,"nm":"Fill 1","mn":"ADBE Vector Graphic - Fill","hd":false},{"ty":"tr","p":{"a":0,"k":[740.729,317.319],"ix":2},"a":{"a":0,"k":[0,0],"ix":1},"s":{"a":0,"k":[100,100],"ix":3},"r":{"a":0,"k":0,"ix":6},"o":{"a":0,"k":100,"ix":7},"sk":{"a":0,"k":0,"ix":4},"sa":{"a":0,"k":0,"ix":5},"nm":"Transform"}],"nm":"Group 3","np":4,"cix":2,"bm":0,"ix":3,"mn":"ADBE Vector Group","hd":false},{"ty":"gr","it":[{"ind":0,"ty":"sh","ix":1,"ks":{"a":0,"k":{"i":[[-1.076,-0.692],[-0.206,-0.139],[-0.233,-0.396],[-0.124,-0.371],[-0.614,-0.516],[-0.71,-1.611],[-0.105,-0.994],[0.567,-0.821],[0.361,-0.332],[3.592,-7.406],[3.733,-3.262],[3.868,-2.911],[0.655,-0.493],[5.14,-0.853],[1.534,0.024],[0.718,0.206],[0.633,0.488],[-1.859,4.854],[0.177,4.823],[-1.42,4.038],[0,0],[-3.225,5.266],[0.588,-2.529],[0.918,-2.327],[-0.189,-2.118],[-0.16,0.098],[-0.278,0.475],[-0.855,1.363],[-0.929,1.229],[-0.783,0.932],[-0.607,0.609],[-2.48,-0.115],[-0.641,-0.483],[-0.454,-0.358],[-0.51,-0.173],[-1.076,0.102],[-1.261,0.041]],"o":[[0.212,0.136],[0.38,0.256],[0.199,0.337],[0.252,0.762],[1.22,1.021],[0.402,0.913],[0.105,0.992],[-0.279,0.403],[-6.377,5.85],[-2.186,4.51],[-3.717,3.247],[-0.655,0.492],[-3.751,2.823],[-1.514,0.251],[-0.747,-0.012],[-0.768,-0.22],[-4.101,-3.159],[1.624,-4.243],[-0.165,-4.515],[1.213,-5.538],[0,0],[2.463,-4.023],[-0.565,2.435],[-0.758,1.919],[0.008,0.087],[0.464,-0.282],[0.815,-1.386],[0.827,-1.318],[0.71,-0.938],[0.553,-0.658],[1.825,-1.829],[0.802,0.038],[0.577,0.433],[0.442,0.347],[0.998,0.34],[1.245,-0.118],[1.259,-0.041]],"v":[[22.49,-28.985],[23.117,-28.57],[24.123,-27.649],[24.509,-26.545],[25.887,-24.61],[28.885,-22.283],[29.748,-19.428],[29.119,-16.565],[28.114,-15.495],[18.31,7.716],[8.874,19.064],[-2.39,28.759],[-4.354,30.237],[-15.01,37.744],[-19.601,37.949],[-21.823,37.718],[-23.915,36.578],[-27.994,23.031],[-24.308,11.034],[-26.442,-2.532],[-20.727,-18.853],[-11.566,-33.972],[-6.59,-30.242],[-8.725,-23.057],[-11.456,-16.481],[-10.133,-16.577],[-8.968,-18.539],[-6.478,-22.672],[-3.842,-26.698],[-1.094,-28.853],[0.531,-30.856],[7.425,-33.085],[9.724,-32.509],[10.669,-30.846],[12.336,-30.459],[15.369,-29.392],[18.998,-30.241]],"c":true},"ix":2},"nm":"Path 1","mn":"ADBE Vector Shape - Group","hd":false},{"ty":"fl","c":{"a":0,"k":[0.847000002394,0.607999973671,0.501999978458,1],"ix":4},"o":{"a":0,"k":100,"ix":5},"r":1,"bm":0,"nm":"Fill 1","mn":"ADBE Vector Graphic - Fill","hd":false},{"ty":"tr","p":{"a":0,"k":[748.072,339.541],"ix":2},"a":{"a":0,"k":[0,0],"ix":1},"s":{"a":0,"k":[100,100],"ix":3},"r":{"a":0,"k":0,"ix":6},"o":{"a":0,"k":100,"ix":7},"sk":{"a":0,"k":0,"ix":4},"sa":{"a":0,"k":0,"ix":5},"nm":"Transform"}],"nm":"Group 4","np":4,"cix":2,"bm":0,"ix":4,"mn":"ADBE Vector Group","hd":false}],"ip":0,"op":120,"st":0,"bm":0},{"ddd":0,"ind":3,"ty":4,"nm":"Forearm","parent":1,"sr":1,"ks":{"o":{"a":0,"k":100,"ix":11},"r":{"a":0,"k":0,"ix":10},"p":{"a":0,"k":[659.625,472.68,0],"ix":2},"a":{"a":0,"k":[659.625,472.68,0],"ix":1},"s":{"a":0,"k":[100,100,100],"ix":6}},"ao":0,"shapes":[{"ty":"gr","it":[{"ind":0,"ty":"sh","ix":1,"ks":{"a":0,"k":{"i":[[-10.993,3.47],[-3.47,-10.993],[10.993,-3.47],[3.47,10.995]],"o":[[10.993,-3.47],[3.47,10.993],[-10.993,3.47],[-3.47,-10.993]],"v":[[-6.283,-19.905],[19.905,-6.283],[6.283,19.905],[-19.905,6.282]],"c":true},"ix":2},"nm":"Path 1","mn":"ADBE Vector Shape - Group","hd":false},{"ty":"fl","c":{"a":0,"k":[0.788000009574,0.54900004069,0.458999992819,1],"ix":4},"o":{"a":0,"k":100,"ix":5},"r":1,"bm":0,"nm":"Fill 1","mn":"ADBE Vector Graphic - Fill","hd":false},{"ty":"tr","p":{"a":0,"k":[659.981,471.697],"ix":2},"a":{"a":0,"k":[0,0],"ix":1},"s":{"a":0,"k":[100,100],"ix":3},"r":{"a":0,"k":0,"ix":6},"o":{"a":0,"k":100,"ix":7},"sk":{"a":0,"k":0,"ix":4},"sa":{"a":0,"k":0,"ix":5},"nm":"Transform"}],"nm":"Group 1","np":4,"cix":2,"bm":0,"ix":1,"mn":"ADBE Vector Group","hd":false},{"ty":"gr","it":[{"ind":0,"ty":"sh","ix":1,"ks":{"a":0,"k":{"i":[[-9.163,2.26],[-4.126,3.927],[-6.814,14.92],[-7.105,15.931],[-5.36,15.688],[5.828,1.77],[4.187,-4.313],[12.937,-13.469],[10.824,-19.047],[3.491,-6.781],[-2.495,-7.859]],"o":[[2.771,-0.684],[7.593,-7.224],[7.247,-15.869],[6.747,-15.129],[2.321,-6.793],[-3.067,-0.932],[-2.846,2.933],[-14.972,15.588],[-3.756,6.609],[-3.872,7.524],[3.253,10.243]],"v":[[-24.564,67.921],[-11.536,60.153],[21.361,13.313],[38.907,-28.607],[51.088,-56.597],[43.33,-69.249],[31.633,-65.752],[-2.941,-26.531],[-39.102,18.044],[-49.516,36.28],[-50.914,55.93]],"c":true},"ix":2},"nm":"Path 1","mn":"ADBE Vector Shape - Group","hd":false},{"ty":"fl","c":{"a":0,"k":[0.847000002394,0.607999973671,0.501999978458,1],"ix":4},"o":{"a":0,"k":100,"ix":5},"r":1,"bm":0,"nm":"Fill 1","mn":"ADBE Vector Graphic - Fill","hd":false},{"ty":"tr","p":{"a":0,"k":[691.705,423.982],"ix":2},"a":{"a":0,"k":[0,0],"ix":1},"s":{"a":0,"k":[100,100],"ix":3},"r":{"a":0,"k":0,"ix":6},"o":{"a":0,"k":100,"ix":7},"sk":{"a":0,"k":0,"ix":4},"sa":{"a":0,"k":0,"ix":5},"nm":"Transform"}],"nm":"Group 2","np":4,"cix":2,"bm":0,"ix":2,"mn":"ADBE Vector Group","hd":false}],"ip":0,"op":120,"st":0,"bm":0},{"ddd":0,"ind":4,"ty":4,"nm":"Head ","parent":6,"sr":1,"ks":{"o":{"a":0,"k":100,"ix":11},"r":{"a":0,"k":0,"ix":10},"p":{"a":0,"k":[914.625,609.18,0],"ix":2},"a":{"a":0,"k":[914.625,609.18,0],"ix":1},"s":{"a":0,"k":[100,100,100],"ix":6}},"ao":0,"shapes":[{"ty":"gr","it":[{"ind":0,"ty":"sh","ix":1,"ks":{"a":0,"k":{"i":[[2.496,6.241],[3.137,-2.002],[0.181,-2.258],[-1.864,-2.79],[-1.511,-2.473],[-0.964,1.421]],"o":[[-2.496,-6.241],[-1.791,1.143],[-0.27,3.355],[1.607,2.403],[5.345,8.456],[0,0]],"v":[[5.349,-9.66],[-6.293,-13.484],[-9.212,-7.797],[-5.956,1.069],[-0.518,7.444],[9.482,10.131]],"c":true},"ix":2},"nm":"Path 1","mn":"ADBE Vector Shape - Group","hd":false},{"ty":"fl","c":{"a":0,"k":[0.847000002394,0.607999973671,0.501999978458,1],"ix":4},"o":{"a":0,"k":100,"ix":5},"r":1,"bm":0,"nm":"Fill 1","mn":"ADBE Vector Graphic - Fill","hd":false},{"ty":"tr","p":{"a":0,"k":[629.716,263.661],"ix":2},"a":{"a":0,"k":[0,0],"ix":1},"s":{"a":0,"k":[100,100],"ix":3},"r":{"a":0,"k":0,"ix":6},"o":{"a":0,"k":100,"ix":7},"sk":{"a":0,"k":0,"ix":4},"sa":{"a":0,"k":0,"ix":5},"nm":"Transform"}],"nm":"Group 1","np":4,"cix":2,"bm":0,"ix":1,"mn":"ADBE Vector Group","hd":false},{"ty":"gr","it":[{"ind":0,"ty":"sh","ix":1,"ks":{"a":0,"k":{"i":[[0,0],[-5.75,-6.25],[-3.501,0.807],[-0.312,1.164],[0,0]],"o":[[0,0],[5.061,5.501],[3.501,-0.808],[-0.464,-3.39],[0,0]],"v":[[-8.732,-10.986],[-4.25,1.367],[6.188,10.178],[10,5.928],[8.843,-1.778]],"c":true},"ix":2},"nm":"Path 1","mn":"ADBE Vector Shape - Group","hd":false},{"ty":"fl","c":{"a":0,"k":[0.788000009574,0.54900004069,0.458999992819,1],"ix":4},"o":{"a":0,"k":100,"ix":5},"r":1,"bm":0,"nm":"Fill 1","mn":"ADBE Vector Graphic - Fill","hd":false},{"ty":"tr","p":{"a":0,"k":[629.198,267.864],"ix":2},"a":{"a":0,"k":[0,0],"ix":1},"s":{"a":0,"k":[100,100],"ix":3},"r":{"a":0,"k":0,"ix":6},"o":{"a":0,"k":100,"ix":7},"sk":{"a":0,"k":0,"ix":4},"sa":{"a":0,"k":0,"ix":5},"nm":"Transform"}],"nm":"Group 2","np":4,"cix":2,"bm":0,"ix":2,"mn":"ADBE Vector Group","hd":false},{"ty":"gr","it":[{"ind":0,"ty":"sh","ix":1,"ks":{"a":0,"k":{"i":[[-0.234,0.744],[0.223,-0.709],[0.547,1.166],[0.163,-0.367],[0.92,0.872],[1.289,0.016],[0.572,-0.08],[0.323,1.586],[0.256,-0.357],[1.542,0.58],[1.067,-0.262],[0.679,0.532],[1.034,-0.495],[2.542,-0.241],[3.112,0.165],[1.75,-0.186],[2.99,-3.185],[0.803,-0.236],[0.571,-0.65],[0.414,0.752],[-0.556,-5.502],[-0.324,-0.148],[0.306,0.18],[-1.891,-5.658],[-1.169,-3.497],[-0.919,-3.222],[-8.507,5.227],[-1.465,-5.382],[-1.863,0.479],[-0.714,2.882],[-7.431,4.583],[-4.225,-1.194],[-1.915,0.532],[-0.47,0.248],[-0.506,0.666],[0.566,4.998],[0.408,1.513]],"o":[[-0.223,0.709],[-0.863,-0.971],[-0.164,0.367],[-1.003,0.783],[-0.92,-0.872],[-0.579,-0.006],[-1.657,0.233],[-0.257,0.357],[-1.386,-0.875],[-0.143,1.053],[-0.498,-0.694],[-0.829,0.776],[-2.289,1.097],[-3.103,0.293],[-1.759,-0.093],[-4.426,0.468],[-0.564,0.6],[-0.985,0.288],[-0.57,0.65],[-15.219,8.39],[0.034,0.343],[0.325,0.148],[-0.34,5.937],[1.17,3.498],[2.041,6.106],[6.487,-9.963],[4.257,2.11],[1.674,-0.922],[-0.264,-1.674],[0.714,-2.882],[7.43,-4.583],[5.361,1.516],[0.515,-0.143],[0.726,-0.382],[3.206,-4.214],[-0.176,-1.553],[-0.236,-0.876]],"v":[[41.498,-42.861],[40.79,-39.51],[38.659,-42.737],[37.132,-41.841],[34.745,-42.445],[31.872,-45.798],[30.029,-44.893],[26.182,-46.68],[25.413,-45.607],[21.005,-47.798],[18.939,-45.552],[17.161,-47.404],[14.245,-45.625],[7.06,-43.173],[-2.221,-44.079],[-7.49,-43.799],[-19.747,-39.481],[-21.645,-37.935],[-25.538,-37.622],[-28.658,-35.637],[-43.849,-5.298],[-43.41,-4.404],[-42.957,-4.928],[-39.492,12.486],[-29.741,33.896],[-26.367,47.798],[-16.373,7.109],[-11.329,15.506],[-6.607,14.71],[-5.776,7.066],[4.393,-13.914],[25.12,-14.414],[37.597,-14.904],[39.084,-15.487],[40.966,-17.047],[43.839,-32.745],[42.963,-37.353]],"c":true},"ix":2},"nm":"Path 1","mn":"ADBE Vector Shape - Group","hd":false},{"ty":"fl","c":{"a":0,"k":[0.26699999641,0.172999991623,0.144999994016,1],"ix":4},"o":{"a":0,"k":100,"ix":5},"r":1,"bm":0,"nm":"Fill 1","mn":"ADBE Vector Graphic - Fill","hd":false},{"ty":"tr","p":{"a":0,"k":[647.227,245.04],"ix":2},"a":{"a":0,"k":[0,0],"ix":1},"s":{"a":0,"k":[100,100],"ix":3},"r":{"a":0,"k":0,"ix":6},"o":{"a":0,"k":100,"ix":7},"sk":{"a":0,"k":0,"ix":4},"sa":{"a":0,"k":0,"ix":5},"nm":"Transform"}],"nm":"Group 3","np":4,"cix":2,"bm":0,"ix":3,"mn":"ADBE Vector Group","hd":false},{"ty":"gr","it":[{"ind":0,"ty":"sh","ix":1,"ks":{"a":0,"k":{"i":[[-0.005,-6.565],[0.747,-7.129],[2.976,0.416],[-1.802,0.456],[-3.255,0.326],[-0.004,1.374],[1.131,1.066],[1.42,-0.089],[1.54,1.008],[-1.609,0.173],[-1.867,0.119],[-1.403,0.589],[-0.016,0.062],[0.277,2.838],[-2.085,2.02],[-1.494,0.435]],"o":[[0.007,7.166],[-1.783,0.154],[-3.259,-0.455],[1.804,-0.446],[3.255,-0.327],[0.006,-1.53],[-1.163,-1.098],[-1.839,0.114],[-0.427,-0.28],[1.841,-0.198],[1.518,-0.086],[0.312,-0.121],[0,0],[-0.278,-2.838],[0.283,-0.27],[0.81,6.408]],"v":[[8.546,-1.079],[7.12,20.371],[-0.167,20.526],[-8.241,17.87],[4.031,16.747],[6.62,14.482],[4.825,9.881],[0.682,9.302],[-4.122,7.838],[-5.441,4.925],[0.106,5.121],[4.545,4.09],[7.572,2.787],[2.538,-14.114],[3.657,-19.495],[6.962,-20.707]],"c":true},"ix":2},"nm":"Path 1","mn":"ADBE Vector Shape - Group","hd":false},{"ty":"fl","c":{"a":0,"k":[0.788000009574,0.54900004069,0.458999992819,1],"ix":4},"o":{"a":0,"k":100,"ix":5},"r":1,"bm":0,"nm":"Fill 1","mn":"ADBE Vector Graphic - Fill","hd":false},{"ty":"tr","p":{"a":0,"k":[684.805,268.716],"ix":2},"a":{"a":0,"k":[0,0],"ix":1},"s":{"a":0,"k":[100,100],"ix":3},"r":{"a":0,"k":0,"ix":6},"o":{"a":0,"k":100,"ix":7},"sk":{"a":0,"k":0,"ix":4},"sa":{"a":0,"k":0,"ix":5},"nm":"Transform"}],"nm":"Group 4","np":4,"cix":2,"bm":0,"ix":4,"mn":"ADBE Vector Group","hd":false},{"ty":"gr","it":[{"ind":0,"ty":"sh","ix":1,"ks":{"a":0,"k":{"i":[[-3.695,1.359],[0.05,-0.716],[2.43,0.052]],"o":[[-0.051,0.705],[-2.327,-0.019],[-2.448,-0.03]],"v":[[3.848,-1.382],[3.696,0.754],[-3.268,1.378]],"c":true},"ix":2},"nm":"Path 1","mn":"ADBE Vector Shape - Group","hd":false},{"ty":"fl","c":{"a":0,"k":[0.788000009574,0.54900004069,0.458999992819,1],"ix":4},"o":{"a":0,"k":100,"ix":5},"r":1,"bm":0,"nm":"Fill 1","mn":"ADBE Vector Graphic - Fill","hd":false},{"ty":"tr","p":{"a":0,"k":[687.652,294.889],"ix":2},"a":{"a":0,"k":[0,0],"ix":1},"s":{"a":0,"k":[100,100],"ix":3},"r":{"a":0,"k":0,"ix":6},"o":{"a":0,"k":100,"ix":7},"sk":{"a":0,"k":0,"ix":4},"sa":{"a":0,"k":0,"ix":5},"nm":"Transform"}],"nm":"Group 5","np":4,"cix":2,"bm":0,"ix":5,"mn":"ADBE Vector Group","hd":false},{"ty":"gr","it":[{"ind":0,"ty":"sh","ix":1,"ks":{"a":0,"k":{"i":[[-0.005,-6.565],[0.01,-0.291],[0.427,-4.671],[0.229,-2.191],[0.078,-0.758],[0.05,-0.725],[0.051,-0.716],[0.23,-1.449],[0.99,-1.773],[5.647,1.202],[5.364,2.464],[4.268,3.433],[1.731,3.732],[1.057,2.99],[0.932,2.739],[-0.771,5.928],[-14.248,5.504],[-1.375,-6],[-0.689,-4.726]],"o":[[0,0.29],[-0.027,4.664],[-0.189,2.187],[-0.078,0.757],[-0.071,0.706],[-0.051,0.705],[-0.098,1.48],[-0.323,1.987],[-3.218,5.757],[-5.768,-1.223],[-4.929,-2.274],[-3.275,-2.632],[-1.335,-2.877],[-0.964,-2.727],[-1.931,-5.672],[1.926,-14.796],[19.662,-5.127],[1.375,6],[0.688,4.728]],"v":[[34.627,5.552],[34.617,6.434],[33.846,20.432],[33.201,27.002],[32.958,29.275],[32.776,31.422],[32.623,33.558],[32.169,37.97],[30.318,43.662],[14.826,47.776],[-1.945,42.276],[-16.234,34.407],[-22.987,24.354],[-26.586,15.549],[-29.526,7.423],[-33.857,-12.454],[-6.562,-44.292],[29.904,-34.715],[33.042,-14.076]],"c":true},"ix":2},"nm":"Path 1","mn":"ADBE Vector Shape - Group","hd":false},{"ty":"fl","c":{"a":0,"k":[0.847000002394,0.607999973671,0.501999978458,1],"ix":4},"o":{"a":0,"k":100,"ix":5},"r":1,"bm":0,"nm":"Fill 1","mn":"ADBE Vector Graphic - Fill","hd":false},{"ty":"tr","p":{"a":0,"k":[658.724,262.085],"ix":2},"a":{"a":0,"k":[0,0],"ix":1},"s":{"a":0,"k":[100,100],"ix":3},"r":{"a":0,"k":0,"ix":6},"o":{"a":0,"k":100,"ix":7},"sk":{"a":0,"k":0,"ix":4},"sa":{"a":0,"k":0,"ix":5},"nm":"Transform"}],"nm":"Group 6","np":4,"cix":2,"bm":0,"ix":6,"mn":"ADBE Vector Group","hd":false}],"ip":0,"op":120,"st":0,"bm":0},{"ddd":0,"ind":5,"ty":4,"nm":"Spine ","parent":10,"sr":1,"ks":{"o":{"a":0,"k":100,"ix":11},"r":{"a":0,"k":0,"ix":10},"p":{"a":0,"k":[657.375,475.18,0],"ix":2},"a":{"a":0,"k":[657.375,475.18,0],"ix":1},"s":{"a":0,"k":[100,100,100],"ix":6}},"ao":0,"shapes":[{"ty":"gr","it":[{"ind":0,"ty":"sh","ix":1,"ks":{"a":0,"k":{"i":[[-6.32,4.021],[0.04,-1.151],[6.18,2.5],[0.1,0.239],[-0.36,-0.141]],"o":[[-0.03,1.11],[-5.77,2.719],[-1.33,-0.531],[0.47,0.199],[7.33,2.969]],"v":[[11.285,-2.927],[11.195,0.464],[-7.365,1.384],[-11.285,-0.916],[-10.115,-0.406]],"c":true},"ix":2},"nm":"Path 1","mn":"ADBE Vector Shape - Group","hd":false},{"ty":"fl","c":{"a":0,"k":[0.20800000359,0.238999998803,0.289999988032,1],"ix":4},"o":{"a":0,"k":100,"ix":5},"r":1,"bm":0,"nm":"Fill 1","mn":"ADBE Vector Graphic - Fill","hd":false},{"ty":"tr","p":{"a":0,"k":[710.6,427.369],"ix":2},"a":{"a":0,"k":[0,0],"ix":1},"s":{"a":0,"k":[100,100],"ix":3},"r":{"a":0,"k":0,"ix":6},"o":{"a":0,"k":100,"ix":7},"sk":{"a":0,"k":0,"ix":4},"sa":{"a":0,"k":0,"ix":5},"nm":"Transform"}],"nm":"Group 1","np":4,"cix":2,"bm":0,"ix":1,"mn":"ADBE Vector Group","hd":false},{"ty":"gr","it":[{"ind":0,"ty":"sh","ix":1,"ks":{"a":0,"k":{"i":[[2.125,0.62],[3.408,1.346],[3.593,1.418],[4.927,1.945],[-12.511,-5.076],[-10.815,6.166],[-2.731,3.092],[-0.574,0.729],[11.878,1.411]],"o":[[-3.445,-1.004],[-3.593,-1.418],[-4.927,-1.944],[-0.257,0.692],[11.868,3.605],[3.582,-2.041],[0.617,-0.693],[-9.152,7.841],[-2.276,-0.27]],"v":[[-4.61,2.73],[-14.779,-0.973],[-25.558,-5.227],[-35.914,-10.03],[-11.528,8.036],[24.557,4.195],[34.137,-3.533],[35.918,-5.675],[1.965,4.107]],"c":true},"ix":2},"nm":"Path 1","mn":"ADBE Vector Shape - Group","hd":false},{"ty":"fl","c":{"a":0,"k":[0.20800000359,0.238999998803,0.289999988032,1],"ix":4},"o":{"a":0,"k":100,"ix":5},"r":1,"bm":0,"nm":"Fill 1","mn":"ADBE Vector Graphic - Fill","hd":false},{"ty":"tr","p":{"a":0,"k":[642.052,433.833],"ix":2},"a":{"a":0,"k":[0,0],"ix":1},"s":{"a":0,"k":[100,100],"ix":3},"r":{"a":0,"k":0,"ix":6},"o":{"a":0,"k":100,"ix":7},"sk":{"a":0,"k":0,"ix":4},"sa":{"a":0,"k":0,"ix":5},"nm":"Transform"}],"nm":"Group 2","np":4,"cix":2,"bm":0,"ix":2,"mn":"ADBE Vector Group","hd":false},{"ty":"gr","it":[{"ind":0,"ty":"sh","ix":1,"ks":{"a":0,"k":{"i":[[0.718,0.282],[-0.114,-0.475],[-0.848,1.806],[-1.028,0.768]],"o":[[0,0],[0.114,0.476],[0.82,-1.748],[0.997,-0.744]],"v":[[-4.575,-3.346],[-0.117,2.239],[2.004,2.507],[4.499,-2.772]],"c":true},"ix":2},"nm":"Path 1","mn":"ADBE Vector Shape - Group","hd":false},{"ty":"fl","c":{"a":0,"k":[0.847000002394,0.607999973671,0.501999978458,1],"ix":4},"o":{"a":0,"k":100,"ix":5},"r":1,"bm":0,"nm":"Fill 1","mn":"ADBE Vector Graphic - Fill","hd":false},{"ty":"tr","p":{"a":0,"k":[665.292,339.021],"ix":2},"a":{"a":0,"k":[0,0],"ix":1},"s":{"a":0,"k":[100,100],"ix":3},"r":{"a":0,"k":0,"ix":6},"o":{"a":0,"k":100,"ix":7},"sk":{"a":0,"k":0,"ix":4},"sa":{"a":0,"k":0,"ix":5},"nm":"Transform"}],"nm":"Group 3","np":4,"cix":2,"bm":0,"ix":3,"mn":"ADBE Vector Group","hd":false},{"ty":"gr","it":[{"ind":0,"ty":"sh","ix":1,"ks":{"a":0,"k":{"i":[[-0.32,-0.47],[0.31,-0.17],[4.11,-4.67],[1.2,-0.67],[1.07,-0.24],[0.96,-0.21],[0.42,0.13],[0.31,0.311],[2.92,1.49],[0.77,0.051],[3.65,-0.029],[3.64,-0.28],[0.88,0.689],[0.8,0.66],[0.53,0.44],[-7.92,-2.199],[-2.27,-2.01],[-0.84,-0.26],[-0.58,0.06],[-1.05,1.79],[-0.25,0.449],[-0.6,0.54],[-3.42,1.35]],"o":[[-0.31,0.15],[-3.79,2.04],[-0.92,1.049],[-0.95,0.52],[-0.91,0.21],[-0.43,0.1],[-0.4,-0.13],[-2.23,-2.16],[-0.67,-0.34],[-3.23,-0.21],[-3.2,0.03],[-0.88,-0.68],[-0.81,-0.641],[-0.53,-0.439],[11.72,0.58],[3.1,0.86],[0.72,0.63],[0.57,0.18],[1.91,-0.21],[0.26,-0.44],[0.44,-0.821],[3.76,-3.39],[0.35,0.45]],"v":[[30.305,-7.381],[29.385,-6.911],[18.025,4.18],[14.915,6.979],[11.835,7.989],[9.035,8.629],[7.745,8.699],[6.705,7.949],[-0.675,1.699],[-2.885,1.249],[-13.395,0.289],[-23.645,0.989],[-26.285,-1.07],[-28.705,-3.011],[-30.305,-4.331],[-0.875,-1.041],[7.415,2.989],[9.665,4.609],[11.405,4.669],[16.385,2.339],[17.075,0.93],[18.745,-1.001],[29.295,-8.761]],"c":true},"ix":2},"nm":"Path 1","mn":"ADBE Vector Shape - Group","hd":false},{"ty":"fl","c":{"a":0,"k":[0.847000002394,0.607999973671,0.501999978458,1],"ix":4},"o":{"a":0,"k":100,"ix":5},"r":1,"bm":0,"nm":"Fill 1","mn":"ADBE Vector Graphic - Fill","hd":false},{"ty":"tr","p":{"a":0,"k":[659.61,351.483],"ix":2},"a":{"a":0,"k":[0,0],"ix":1},"s":{"a":0,"k":[100,100],"ix":3},"r":{"a":0,"k":0,"ix":6},"o":{"a":0,"k":100,"ix":7},"sk":{"a":0,"k":0,"ix":4},"sa":{"a":0,"k":0,"ix":5},"nm":"Transform"}],"nm":"Group 4","np":4,"cix":2,"bm":0,"ix":4,"mn":"ADBE Vector Group","hd":false},{"ty":"gr","it":[{"ind":0,"ty":"sh","ix":1,"ks":{"a":0,"k":{"i":[[-2.288,-32.92],[32.92,-2.288],[2.288,32.92],[-32.919,2.288]],"o":[[2.288,32.92],[-32.92,2.288],[-2.288,-32.919],[32.919,-2.288]],"v":[[59.265,-4.143],[3.802,59.606],[-59.265,1.633],[-4.484,-59.606]],"c":true},"ix":2},"nm":"Path 1","mn":"ADBE Vector Shape - Group","hd":false},{"ty":"fl","c":{"a":0,"k":[0.20800000359,0.238999998803,0.289999988032,1],"ix":4},"o":{"a":0,"k":100,"ix":5},"r":1,"bm":0,"nm":"Fill 1","mn":"ADBE Vector Graphic - Fill","hd":false},{"ty":"tr","p":{"a":0,"k":[657.568,474.698],"ix":2},"a":{"a":0,"k":[0,0],"ix":1},"s":{"a":0,"k":[100,100],"ix":3},"r":{"a":0,"k":0,"ix":6},"o":{"a":0,"k":100,"ix":7},"sk":{"a":0,"k":0,"ix":4},"sa":{"a":0,"k":0,"ix":5},"nm":"Transform"}],"nm":"Group 5","np":4,"cix":2,"bm":0,"ix":5,"mn":"ADBE Vector Group","hd":false},{"ty":"gr","it":[{"ind":0,"ty":"sh","ix":1,"ks":{"a":0,"k":{"i":[[0.36,-6.19],[1.98,-2.39],[7.06,4.069],[1.47,1.04],[9.14,7.11],[0.88,0.69],[0.8,0.66],[0.53,0.441],[1.38,1.121],[2.09,1.431],[2.26,1.08],[0.02,0.011],[2.82,0.489],[0.26,0.01],[-24.85,-2.41],[-11.47,-6.47],[-2.39,-1.4],[-1.81,-2.37],[-0.32,-0.47],[-0.86,-1.9]],"o":[[-0.17,3.069],[-6.46,7.799],[-1.52,-0.96],[-9.47,-6.67],[-0.88,-0.68],[-0.81,-0.641],[-0.53,-0.44],[-1.37,-1.13],[-1.97,-1.58],[-2.07,-1.41],[-0.02,-0.019],[-2.59,-1.229],[-0.54,-0.091],[4.29,-2.32],[12.4,1.199],[2.44,1.369],[2.59,1.519],[0.35,0.45],[1.19,1.74],[2.55,5.6]],"v":[[47.58,16.84],[44.43,25.44],[18.8,24.3],[14.24,21.44],[-13.68,0.771],[-16.32,-1.289],[-18.74,-3.229],[-20.34,-4.551],[-24.47,-7.931],[-30.53,-12.471],[-37.01,-16.26],[-37.08,-16.301],[-45.24,-18.96],[-47.94,-19.57],[-6.78,-30.83],[25.59,-19.419],[32.68,-14.95],[39.26,-8.979],[40.27,-7.599],[43.34,-2.099]],"c":true},"ix":2},"nm":"Path 1","mn":"ADBE Vector Shape - Group","hd":false},{"ty":"fl","c":{"a":0,"k":[0.847000002394,0.607999973671,0.501999978458,1],"ix":4},"o":{"a":0,"k":100,"ix":5},"r":1,"bm":0,"nm":"Fill 1","mn":"ADBE Vector Graphic - Fill","hd":false},{"ty":"tr","p":{"a":0,"k":[649.645,351.702],"ix":2},"a":{"a":0,"k":[0,0],"ix":1},"s":{"a":0,"k":[100,100],"ix":3},"r":{"a":0,"k":0,"ix":6},"o":{"a":0,"k":100,"ix":7},"sk":{"a":0,"k":0,"ix":4},"sa":{"a":0,"k":0,"ix":5},"nm":"Transform"}],"nm":"Group 6","np":4,"cix":2,"bm":0,"ix":6,"mn":"ADBE Vector Group","hd":false},{"ty":"gr","it":[{"ind":0,"ty":"sh","ix":1,"ks":{"a":0,"k":{"i":[[1.26,-7.409],[2.35,-5.491],[0,0],[0.04,-1.151],[0.38,-6.79],[2.321,-12.361],[23.72,-5.52],[12.92,2.88],[2.48,3.391],[1.38,4.67],[1.45,5.03],[-17.35,29.181],[-4.66,0.819],[-4.28,0.25],[-1.43,-0.019],[-0.57,-0.04],[-8.98,-1.359],[-12.39,-1.059],[-4.55,-22.07]],"o":[[-0.92,5.391],[0,0],[-0.03,1.11],[-0.18,6],[-0.14,2.35],[-16.54,5.67],[-13.04,3.041],[-7.37,-17.2],[-0.47,-0.63],[-2.54,-5.4],[-1.92,-6.62],[5.51,-9.279],[4.23,-0.741],[1.44,-0.09],[0.57,0.01],[9.06,0.63],[12.32,1.86],[23.64,2.031],[1.51,7.34]],"v":[[87.41,-8.03],[83.36,8.441],[83.36,8.55],[83.27,11.941],[82.42,31.33],[78.453,58.984],[17.68,77.2],[-33.89,81.5],[-61.17,17.93],[-64.22,8.87],[-71.21,-8.45],[-71.32,-62.32],[-37.67,-83.639],[-26.45,-83.49],[-23.05,-82.92],[-21.34,-82.849],[5.64,-79.16],[38.62,-81.21],[86.12,-30.67]],"c":true},"ix":2},"nm":"Path 1","mn":"ADBE Vector Shape - Group","hd":false},{"ty":"fl","c":{"a":0,"k":[0.20800000359,0.238999998803,0.289999988032,1],"ix":4},"o":{"a":0,"k":100,"ix":5},"r":1,"bm":0,"nm":"Fill 1","mn":"ADBE Vector Graphic - Fill","hd":false},{"ty":"tr","p":{"a":0,"k":[638.525,415.892],"ix":2},"a":{"a":0,"k":[0,0],"ix":1},"s":{"a":0,"k":[100,100],"ix":3},"r":{"a":0,"k":0,"ix":6},"o":{"a":0,"k":100,"ix":7},"sk":{"a":0,"k":0,"ix":4},"sa":{"a":0,"k":0,"ix":5},"nm":"Transform"}],"nm":"Group 7","np":4,"cix":2,"bm":0,"ix":7,"mn":"ADBE Vector Group","hd":false},{"ty":"gr","it":[{"ind":0,"ty":"sh","ix":1,"ks":{"a":0,"k":{"i":[[5.298,-6.218],[1.179,-4.912],[-5.158,-10.499],[-3.825,-3.848],[-7.873,0.221],[-3.798,4.874],[-1.069,6.518],[1.218,7.303],[4.468,5.34],[7.688,1.049]],"o":[[-3.133,3.676],[-2.655,11.056],[2.384,4.855],[5.35,5.382],[6.577,-0.186],[4.042,-5.187],[1.194,-7.272],[-1.11,-6.662],[-4.829,-5.773],[-8.308,-1.134]],"v":[[-20.869,-31.599],[-27.486,-18.465],[-24.958,16.444],[-15.543,29.617],[5.592,40.913],[21.359,30.957],[28.948,12.903],[28.47,-9.152],[21.073,-27.579],[2.544,-39.999]],"c":true},"ix":2},"nm":"Path 1","mn":"ADBE Vector Shape - Group","hd":false},{"ty":"fl","c":{"a":0,"k":[0.819999964097,0.560999971278,0.451000019148,1],"ix":4},"o":{"a":0,"k":100,"ix":5},"r":1,"bm":0,"nm":"Fill 1","mn":"ADBE Vector Graphic - Fill","hd":false},{"ty":"tr","p":{"a":0,"k":[599.823,382.123],"ix":2},"a":{"a":0,"k":[0,0],"ix":1},"s":{"a":0,"k":[100,100],"ix":3},"r":{"a":0,"k":0,"ix":6},"o":{"a":0,"k":100,"ix":7},"sk":{"a":0,"k":0,"ix":4},"sa":{"a":0,"k":0,"ix":5},"nm":"Transform"}],"nm":"Group 8","np":4,"cix":2,"bm":0,"ix":8,"mn":"ADBE Vector Group","hd":false}],"ip":0,"op":120,"st":0,"bm":0},{"ddd":0,"ind":6,"ty":4,"nm":"Neck ","parent":5,"sr":1,"ks":{"o":{"a":0,"k":100,"ix":11},"r":{"a":1,"k":[{"i":{"x":[0.343],"y":[1.555]},"o":{"x":[0.514],"y":[-0.163]},"t":0,"s":[0]},{"i":{"x":[0.667],"y":[1]},"o":{"x":[0.333],"y":[-0.29]},"t":38,"s":[-13]},{"i":{"x":[0.484],"y":[2.086]},"o":{"x":[0.684],"y":[0.411]},"t":60,"s":[-13]},{"t":97,"s":[0]}],"ix":10},"p":{"a":0,"k":[641.375,340.68,0],"ix":2},"a":{"a":0,"k":[641.375,340.68,0],"ix":1},"s":{"a":0,"k":[100,100,100],"ix":6}},"ao":0,"shapes":[{"ty":"gr","it":[{"ind":0,"ty":"sh","ix":1,"ks":{"a":0,"k":{"i":[[3.188,3.898],[13.492,4.886],[1.566,0.165],[-1.283,-5.672],[-2.682,-5.835],[-3.157,-2.777],[-4.158,-1.376],[-0.248,0.968],[-0.47,1.321],[-0.749,1.626],[-1.252,2.032],[1.201,0.689]],"o":[[-9.082,-11.107],[-1.492,-0.539],[0.915,5.742],[1.413,6.251],[1.743,3.791],[3.34,2.94],[3.74,1.237],[0.299,-1.165],[0.584,-1.685],[0.991,-2.174],[-0.654,-0.035],[-4.346,-2.525]],"v":[[11.846,-2.449],[-22.853,-27.022],[-27.482,-28.213],[-24.289,-11.059],[-17.81,7.032],[-10.645,17.244],[1.047,23.03],[20.659,27.245],[22.112,22.229],[24.112,17.258],[27.482,10.939],[22.324,8.28]],"c":true},"ix":2},"nm":"Path 1","mn":"ADBE Vector Shape - Group","hd":false},{"ty":"fl","c":{"a":0,"k":[0.788000009574,0.54900004069,0.458999992819,1],"ix":4},"o":{"a":0,"k":100,"ix":5},"r":1,"bm":0,"nm":"Fill 1","mn":"ADBE Vector Graphic - Fill","hd":false},{"ty":"tr","p":{"a":0,"k":[651.62,287.161],"ix":2},"a":{"a":0,"k":[0,0],"ix":1},"s":{"a":0,"k":[100,100],"ix":3},"r":{"a":0,"k":0,"ix":6},"o":{"a":0,"k":100,"ix":7},"sk":{"a":0,"k":0,"ix":4},"sa":{"a":0,"k":0,"ix":5},"nm":"Transform"}],"nm":"Group 1","np":4,"cix":2,"bm":0,"ix":1,"mn":"ADBE Vector Group","hd":false},{"ty":"gr","it":[{"ind":0,"ty":"sh","ix":1,"ks":{"a":0,"k":{"i":[[-15.416,-4.252],[-5.064,6.729],[-0.425,5.135],[-0.41,5.339],[-1.707,4.912],[-0.733,1.625],[-1.225,2.031],[1.176,0.687],[3.121,3.898],[13.206,4.886],[2.547,-0.782],[-1.432,-4.75],[3.287,-13.731]],"o":[[18.175,5.013],[2.856,-3.794],[0.614,-7.405],[0.399,-5.187],[0.573,-1.685],[0.971,-2.173],[-0.64,-0.035],[-4.254,-2.525],[-8.89,-11.107],[-2.507,-0.925],[-4.652,1.433],[4.403,17.833],[-3.286,13.732]],"v":[[-10.919,52.838],[21.874,41.025],[26.899,26.963],[26.423,6.604],[28.901,-6.877],[30.859,-11.848],[34.158,-18.167],[29.11,-20.825],[18.852,-31.555],[-15.113,-56.128],[-22.9,-57.069],[-25.081,-27.962],[-30.872,17.127]],"c":true},"ix":2},"nm":"Path 1","mn":"ADBE Vector Shape - Group","hd":false},{"ty":"fl","c":{"a":0,"k":[0.847000002394,0.607999973671,0.501999978458,1],"ix":4},"o":{"a":0,"k":100,"ix":5},"r":1,"bm":0,"nm":"Fill 1","mn":"ADBE Vector Graphic - Fill","hd":false},{"ty":"tr","p":{"a":0,"k":[644.943,316.267],"ix":2},"a":{"a":0,"k":[0,0],"ix":1},"s":{"a":0,"k":[100,100],"ix":3},"r":{"a":0,"k":0,"ix":6},"o":{"a":0,"k":100,"ix":7},"sk":{"a":0,"k":0,"ix":4},"sa":{"a":0,"k":0,"ix":5},"nm":"Transform"}],"nm":"Group 2","np":4,"cix":2,"bm":0,"ix":2,"mn":"ADBE Vector Group","hd":false},{"ty":"gr","it":[{"ind":0,"ty":"sh","ix":1,"ks":{"a":0,"k":{"i":[[0,-16.657],[16.226,0],[0,16.656],[-16.226,0]],"o":[[0,16.656],[-16.226,0],[0,-16.657],[16.226,0]],"v":[[29.38,0],[0,30.159],[-29.38,0],[0,-30.159]],"c":true},"ix":2},"nm":"Path 1","mn":"ADBE Vector Shape - Group","hd":false},{"ty":"fl","c":{"a":0,"k":[0.788000009574,0.54900004069,0.458999992819,1],"ix":4},"o":{"a":0,"k":100,"ix":5},"r":1,"bm":0,"nm":"Fill 1","mn":"ADBE Vector Graphic - Fill","hd":false},{"ty":"tr","p":{"a":0,"k":[642.558,340.8],"ix":2},"a":{"a":0,"k":[0,0],"ix":1},"s":{"a":0,"k":[100,100],"ix":3},"r":{"a":0,"k":0,"ix":6},"o":{"a":0,"k":100,"ix":7},"sk":{"a":0,"k":0,"ix":4},"sa":{"a":0,"k":0,"ix":5},"nm":"Transform"}],"nm":"Group 3","np":4,"cix":2,"bm":0,"ix":3,"mn":"ADBE Vector Group","hd":false}],"ip":0,"op":120,"st":0,"bm":0},{"ddd":0,"ind":7,"ty":4,"nm":"Hand_1 ","parent":8,"sr":1,"ks":{"o":{"a":0,"k":100,"ix":11},"r":{"a":0,"k":0,"ix":10},"p":{"a":0,"k":[748.875,370.68,0],"ix":2},"a":{"a":0,"k":[748.875,370.68,0],"ix":1},"s":{"a":0,"k":[100,100,100],"ix":6}},"ao":0,"shapes":[{"ty":"gr","it":[{"ind":0,"ty":"sh","ix":1,"ks":{"a":0,"k":{"i":[[-1.762,-0.341],[-1.601,-0.069],[-1.694,-1.456],[-1.907,-0.942],[-0.379,-1.352],[-0.31,-2.012],[1.76,-5.494],[2.589,-3.887],[1.539,-2.404],[1.088,-2.835],[1.838,-0.423],[0.79,0.056],[1.59,6.357],[0.408,2.654],[0.34,4.71],[0.678,4.945],[-1.254,2.032],[-2.381,2.494],[-3.704,0.913]],"o":[[1.588,0.307],[2.333,0.102],[1.695,1.456],[1.241,0.614],[0.544,1.94],[0.917,5.943],[-1.426,4.447],[-1.582,2.375],[-1.713,2.677],[-0.676,1.761],[-0.771,0.178],[-5.567,-0.388],[-0.653,-2.613],[-0.73,-4.754],[-0.359,-4.984],[-0.303,-2.21],[1.763,-2.855],[2.342,-2.452],[1.841,-0.454]],"v":[[1.333,-31.321],[6.083,-31.241],[11.797,-28.349],[16.988,-25.417],[20.138,-22.115],[20.928,-15.801],[17.289,0.94],[12.839,14.155],[7.445,20.769],[5.738,28.728],[1.885,32.558],[-0.479,32.632],[-13.242,25.855],[-14.388,17.886],[-17.781,4.176],[-20.995,-10.485],[-20.591,-18.092],[-12.947,-26.107],[-4.456,-32.282]],"c":true},"ix":2},"nm":"Path 1","mn":"ADBE Vector Shape - Group","hd":false},{"ty":"fl","c":{"a":0,"k":[0.788000009574,0.54900004069,0.458999992819,1],"ix":4},"o":{"a":0,"k":100,"ix":5},"r":1,"bm":0,"nm":"Fill 1","mn":"ADBE Vector Graphic - Fill","hd":false},{"ty":"tr","p":{"a":0,"k":[753.341,340.859],"ix":2},"a":{"a":0,"k":[0,0],"ix":1},"s":{"a":0,"k":[100,100],"ix":3},"r":{"a":0,"k":0,"ix":6},"o":{"a":0,"k":100,"ix":7},"sk":{"a":0,"k":0,"ix":4},"sa":{"a":0,"k":0,"ix":5},"nm":"Transform"}],"nm":"Group 1","np":4,"cix":2,"bm":0,"ix":1,"mn":"ADBE Vector Group","hd":false}],"ip":0,"op":120,"st":0,"bm":0},{"ddd":0,"ind":8,"ty":4,"nm":"Forearm_1 ","parent":9,"sr":1,"ks":{"o":{"a":0,"k":100,"ix":11},"r":{"a":0,"k":0,"ix":10},"p":{"a":0,"k":[745.125,469.43,0],"ix":2},"a":{"a":0,"k":[745.125,469.43,0],"ix":1},"s":{"a":0,"k":[100,100,100],"ix":6}},"ao":0,"shapes":[{"ty":"gr","it":[{"ind":0,"ty":"sh","ix":1,"ks":{"a":0,"k":{"i":[[-7.58,7.37],[-7.686,-7.35],[7.581,-7.37],[7.686,7.35]],"o":[[7.581,-7.371],[7.686,7.35],[-7.58,7.371],[-7.686,-7.349]],"v":[[-13.917,-13.307],[13.725,-13.345],[13.916,13.307],[-13.726,13.345]],"c":true},"ix":2},"nm":"Path 1","mn":"ADBE Vector Shape - Group","hd":false},{"ty":"fl","c":{"a":0,"k":[0.788000009574,0.54900004069,0.458999992819,1],"ix":4},"o":{"a":0,"k":100,"ix":5},"r":1,"bm":0,"nm":"Fill 1","mn":"ADBE Vector Graphic - Fill","hd":false},{"ty":"tr","p":{"a":0,"k":[745.672,468.85],"ix":2},"a":{"a":0,"k":[0,0],"ix":1},"s":{"a":0,"k":[100,100],"ix":3},"r":{"a":0,"k":0,"ix":6},"o":{"a":0,"k":100,"ix":7},"sk":{"a":0,"k":0,"ix":4},"sa":{"a":0,"k":0,"ix":5},"nm":"Transform"}],"nm":"Group 1","np":4,"cix":2,"bm":0,"ix":1,"mn":"ADBE Vector Group","hd":false},{"ty":"gr","it":[{"ind":0,"ty":"sh","ix":1,"ks":{"a":0,"k":{"i":[[-1.262,16.26],[-4.209,20.862],[-1.616,4.62],[-3.612,1.13],[-2.288,-2.442],[-0.116,-2.598],[-0.239,-7.431],[-1.734,-11.406],[3.338,-22.098],[3.012,-3.704],[4.545,7.472]],"o":[[0.549,-7.081],[2.507,-12.429],[1.128,-3.224],[3.202,-1.002],[1.93,2.057],[0.164,3.704],[0.379,11.744],[3.432,22.578],[-0.705,4.667],[-8.283,10.191],[-5.093,-8.37]],"v":[[-19.578,22.023],[-12.479,-22.855],[-7.255,-55.774],[-0.192,-64.828],[9.344,-62.834],[13.201,-56.161],[13.471,-41.31],[15.722,-13.418],[18.336,45.924],[12.548,55.639],[-16.582,53.517]],"c":true},"ix":2},"nm":"Path 1","mn":"ADBE Vector Shape - Group","hd":false},{"ty":"fl","c":{"a":0,"k":[0.788000009574,0.54900004069,0.458999992819,1],"ix":4},"o":{"a":0,"k":100,"ix":5},"r":1,"bm":0,"nm":"Fill 1","mn":"ADBE Vector Graphic - Fill","hd":false},{"ty":"tr","p":{"a":0,"k":[746.526,425.474],"ix":2},"a":{"a":0,"k":[0,0],"ix":1},"s":{"a":0,"k":[100,100],"ix":3},"r":{"a":0,"k":0,"ix":6},"o":{"a":0,"k":100,"ix":7},"sk":{"a":0,"k":0,"ix":4},"sa":{"a":0,"k":0,"ix":5},"nm":"Transform"}],"nm":"Group 2","np":4,"cix":2,"bm":0,"ix":2,"mn":"ADBE Vector Group","hd":false}],"ip":0,"op":120,"st":0,"bm":0},{"ddd":0,"ind":9,"ty":4,"nm":"Arm_1 ","parent":5,"sr":1,"ks":{"o":{"a":0,"k":100,"ix":11},"r":{"a":0,"k":0,"ix":10},"p":{"a":0,"k":[690.875,367.68,0],"ix":2},"a":{"a":0,"k":[690.875,367.68,0],"ix":1},"s":{"a":0,"k":[100,100,100],"ix":6}},"ao":0,"shapes":[{"ty":"gr","it":[{"ind":0,"ty":"sh","ix":1,"ks":{"a":0,"k":{"i":[[-12.905,8.739],[-5.368,-1.47],[-5.468,-6.058],[-2.117,-9.268],[-0.644,-3.243],[-4.38,-7.235],[-6.179,-16.496],[-1.926,-3.968],[4.808,-0.026],[5.683,7.401],[2.752,14.696],[5.358,5.236],[-1.324,16.885]],"o":[[4.71,-3.189],[7.922,2.169],[6.313,6.992],[0.735,3.221],[1.376,6.935],[7.83,12.936],[1.228,3.278],[7.8,21.597],[-10.594,0.059],[-9.117,-11.874],[-1.379,-7.37],[-12.999,-12.703],[0.186,-2.383]],"v":[[-40.885,-69.641],[-22.08,-73.48],[0.365,-59.921],[11.654,-34.507],[14.217,-23.496],[23.321,-6.235],[34.733,22.814],[49.438,47.747],[29.145,74.89],[-2.661,46.254],[-23.402,9.316],[-34.509,-10.024],[-55.913,-49.212]],"c":true},"ix":2},"nm":"Path 1","mn":"ADBE Vector Shape - Group","hd":false},{"ty":"fl","c":{"a":0,"k":[0.788000009574,0.54900004069,0.458999992819,1],"ix":4},"o":{"a":0,"k":100,"ix":5},"r":1,"bm":0,"nm":"Fill 1","mn":"ADBE Vector Graphic - Fill","hd":false},{"ty":"tr","p":{"a":0,"k":[713.875,412.817],"ix":2},"a":{"a":0,"k":[0,0],"ix":1},"s":{"a":0,"k":[100,100],"ix":3},"r":{"a":0,"k":0,"ix":6},"o":{"a":0,"k":100,"ix":7},"sk":{"a":0,"k":0,"ix":4},"sa":{"a":0,"k":0,"ix":5},"nm":"Transform"}],"nm":"Group 1","np":4,"cix":2,"bm":0,"ix":1,"mn":"ADBE Vector Group","hd":false}],"ip":0,"op":120,"st":0,"bm":0},{"ddd":0,"ind":10,"ty":4,"nm":"Spine 1 ","parent":14,"sr":1,"ks":{"o":{"a":0,"k":100,"ix":11},"r":{"a":1,"k":[{"i":{"x":[0.343],"y":[0.519]},"o":{"x":[0.347],"y":[0.462]},"t":0,"s":[0]},{"i":{"x":[0.833],"y":[1]},"o":{"x":[0.167],"y":[-0.145]},"t":38,"s":[15]},{"i":{"x":[0.651],"y":[0.013]},"o":{"x":[0.684],"y":[-0.357]},"t":60,"s":[15]},{"t":97,"s":[0]}],"ix":10},"p":{"a":0,"k":[650.625,607.18,0],"ix":2},"a":{"a":0,"k":[650.625,607.18,0],"ix":1},"s":{"a":0,"k":[100,100,100],"ix":6}},"ao":0,"shapes":[{"ty":"gr","it":[{"ind":0,"ty":"sh","ix":1,"ks":{"a":0,"k":{"i":[[-4.9,2.462],[0.813,4.92],[11.747,-1.274],[-0.214,-4.63],[-5.228,1.086]],"o":[[0,0],[-6.437,3.304],[0.27,5.285],[5.228,-0.292],[5.329,-1.107]],"v":[[15.781,4.7],[11.719,-12.477],[-15.781,-6.139],[-14.823,12.477],[0.846,10.503]],"c":true},"ix":2},"nm":"Path 1","mn":"ADBE Vector Shape - Group","hd":false},{"ty":"fl","c":{"a":0,"k":[0.071000005685,0.075,0.078000005086,1],"ix":4},"o":{"a":0,"k":100,"ix":5},"r":1,"bm":0,"nm":"Fill 1","mn":"ADBE Vector Graphic - Fill","hd":false},{"ty":"tr","p":{"a":0,"k":[702.441,571.802],"ix":2},"a":{"a":0,"k":[0,0],"ix":1},"s":{"a":0,"k":[100,100],"ix":3},"r":{"a":0,"k":0,"ix":6},"o":{"a":0,"k":100,"ix":7},"sk":{"a":0,"k":0,"ix":4},"sa":{"a":0,"k":0,"ix":5},"nm":"Transform"}],"nm":"Group 1","np":4,"cix":2,"bm":0,"ix":1,"mn":"ADBE Vector Group","hd":false},{"ty":"gr","it":[{"ind":0,"ty":"sh","ix":1,"ks":{"a":0,"k":{"i":[[-4.9,2.462],[0.814,4.921],[19.665,3.505],[4.527,3.038],[0,0],[-0.572,-0.644],[-11.48,-2.411],[-12.463,-0.431],[-11.774,2.446]],"o":[[0,0],[-20.899,10.726],[-6.855,-1.221],[-0.195,1.487],[0,0],[7.966,8.97],[12.206,2.564],[11.979,0.414],[5.329,-1.107]],"v":[[61.941,4.606],[57.726,-12.231],[-43.322,-7.29],[-61.628,-12.855],[-61.94,-10.475],[-57.452,-5.221],[-25.432,9.469],[11.559,12.409],[47.005,10.409]],"c":true},"ix":2},"nm":"Path 1","mn":"ADBE Vector Shape - Group","hd":false},{"ty":"fl","c":{"a":0,"k":[0.109999997008,0.113999998803,0.118000000598,1],"ix":4},"o":{"a":0,"k":100,"ix":5},"r":1,"bm":0,"nm":"Fill 1","mn":"ADBE Vector Graphic - Fill","hd":false},{"ty":"tr","p":{"a":0,"k":[656.282,571.896],"ix":2},"a":{"a":0,"k":[0,0],"ix":1},"s":{"a":0,"k":[100,100],"ix":3},"r":{"a":0,"k":0,"ix":6},"o":{"a":0,"k":100,"ix":7},"sk":{"a":0,"k":0,"ix":4},"sa":{"a":0,"k":0,"ix":5},"nm":"Transform"}],"nm":"Group 2","np":4,"cix":2,"bm":0,"ix":2,"mn":"ADBE Vector Group","hd":false},{"ty":"gr","it":[{"ind":0,"ty":"sh","ix":1,"ks":{"a":0,"k":{"i":[[13.959,-0.712],[10.327,-3.059],[1.178,-31.104],[0,0],[-0.572,-0.644],[-11.48,-2.411],[-12.463,-0.431],[-11.774,2.446],[-4.901,2.462],[0.798,23.169],[-0.738,13.706]],"o":[[-9.491,0.484],[-3.024,19.052],[-0.252,6.64],[0,0],[7.965,8.97],[12.206,2.564],[11.978,0.414],[5.329,-1.108],[0,0],[-0.623,-18.076],[-17.142,2.431]],"v":[[-18.808,-40.387],[-57.541,-59.005],[-53.101,2.689],[-61.941,38.734],[-57.452,43.988],[-25.432,58.678],[11.559,61.618],[47.006,59.618],[61.941,53.815],[56.482,12.406],[59.889,-38.131]],"c":true},"ix":2},"nm":"Path 1","mn":"ADBE Vector Shape - Group","hd":false},{"ty":"fl","c":{"a":0,"k":[0.20800000359,0.238999998803,0.289999988032,1],"ix":4},"o":{"a":0,"k":100,"ix":5},"r":1,"bm":0,"nm":"Fill 1","mn":"ADBE Vector Graphic - Fill","hd":false},{"ty":"tr","p":{"a":0,"k":[656.282,522.686],"ix":2},"a":{"a":0,"k":[0,0],"ix":1},"s":{"a":0,"k":[100,100],"ix":3},"r":{"a":0,"k":0,"ix":6},"o":{"a":0,"k":100,"ix":7},"sk":{"a":0,"k":0,"ix":4},"sa":{"a":0,"k":0,"ix":5},"nm":"Transform"}],"nm":"Group 3","np":4,"cix":2,"bm":0,"ix":3,"mn":"ADBE Vector Group","hd":false}],"ip":0,"op":120,"st":0,"bm":0},{"ddd":0,"ind":11,"ty":4,"nm":"Thigh ","parent":13,"sr":1,"ks":{"o":{"a":0,"k":100,"ix":11},"r":{"a":1,"k":[{"i":{"x":[0.672],"y":[0.647]},"o":{"x":[0.34],"y":[0.164]},"t":0,"s":[0]},{"i":{"x":[0.667],"y":[0.713]},"o":{"x":[0.335],"y":[0.448]},"t":9,"s":[-21.771]},{"i":{"x":[0.663],"y":[0.835]},"o":{"x":[0.331],"y":[0.8]},"t":17,"s":[-37.34]},{"i":{"x":[0.655],"y":[2.138]},"o":{"x":[0.324],"y":[1.291]},"t":25,"s":[-42.893]},{"i":{"x":[0.833],"y":[1]},"o":{"x":[0.167],"y":[-0.145]},"t":38,"s":[-44]},{"i":{"x":[0.801],"y":[0.452]},"o":{"x":[0.811],"y":[0.056]},"t":60,"s":[-44]},{"i":{"x":[0.572],"y":[0.736]},"o":{"x":[0.274],"y":[0.312]},"t":89,"s":[-17.583]},{"t":97,"s":[0]}],"ix":10},"p":{"a":0,"k":[594.625,817.68,0],"ix":2},"a":{"a":0,"k":[594.625,817.68,0],"ix":1},"s":{"a":0,"k":[100,100,100],"ix":6}},"ao":0,"shapes":[{"ty":"gr","it":[{"ind":0,"ty":"sh","ix":1,"ks":{"a":0,"k":{"i":[[0.443,-15.889],[15.889,0.443],[-0.443,15.889],[-15.889,-0.444]],"o":[[-0.443,15.89],[-15.889,-0.444],[0.443,-15.89],[15.89,0.443]],"v":[[28.77,0.802],[-0.802,28.771],[-28.77,-0.801],[0.802,-28.769]],"c":true},"ix":2},"nm":"Path 1","mn":"ADBE Vector Shape - Group","hd":false},{"ty":"fl","c":{"a":0,"k":[0.109999997008,0.113999998803,0.118000000598,1],"ix":4},"o":{"a":0,"k":100,"ix":5},"r":1,"bm":0,"nm":"Fill 1","mn":"ADBE Vector Graphic - Fill","hd":false},{"ty":"tr","p":{"a":0,"k":[596.009,816.071],"ix":2},"a":{"a":0,"k":[0,0],"ix":1},"s":{"a":0,"k":[100,100],"ix":3},"r":{"a":0,"k":0,"ix":6},"o":{"a":0,"k":100,"ix":7},"sk":{"a":0,"k":0,"ix":4},"sa":{"a":0,"k":0,"ix":5},"nm":"Transform"}],"nm":"Group 1","np":4,"cix":2,"bm":0,"ix":1,"mn":"ADBE Vector Group","hd":false},{"ty":"gr","it":[{"ind":0,"ty":"sh","ix":1,"ks":{"a":0,"k":{"i":[[19.533,-4.601],[3.467,-19.585],[0.217,-12.045],[0.848,-13.289],[-0.859,-23.864],[-1.487,-11.44],[-9.693,-3.623],[-10.838,12.518],[-3.559,11.916],[-3.434,16.368],[6.968,36.815]],"o":[[-14.768,3.424],[-2.102,11.871],[-0.242,13.367],[-1.648,25.836],[0.414,11.53],[1.391,10.7],[8.864,3.312],[7.85,-9.066],[5.517,-18.477],[7.515,-35.827],[-5.5,-28.554]],"v":[[-9.397,-128.196],[-47.076,-89.065],[-47.17,-57.476],[-51.641,-16.244],[-47.081,58.618],[-50.531,98.385],[-38.081,127.276],[-0.841,120.28],[21.474,60.378],[32.138,12.825],[46.322,-91.715]],"c":true},"ix":2},"nm":"Path 1","mn":"ADBE Vector Shape - Group","hd":false},{"ty":"fl","c":{"a":0,"k":[0.109999997008,0.113999998803,0.118000000598,1],"ix":4},"o":{"a":0,"k":100,"ix":5},"r":1,"bm":0,"nm":"Fill 1","mn":"ADBE Vector Graphic - Fill","hd":false},{"ty":"tr","p":{"a":0,"k":[619.354,713.895],"ix":2},"a":{"a":0,"k":[0,0],"ix":1},"s":{"a":0,"k":[100,100],"ix":3},"r":{"a":0,"k":0,"ix":6},"o":{"a":0,"k":100,"ix":7},"sk":{"a":0,"k":0,"ix":4},"sa":{"a":0,"k":0,"ix":5},"nm":"Transform"}],"nm":"Group 2","np":4,"cix":2,"bm":0,"ix":2,"mn":"ADBE Vector Group","hd":false}],"ip":0,"op":120,"st":0,"bm":0},{"ddd":0,"ind":12,"ty":4,"nm":"Foot ","sr":1,"ks":{"o":{"a":0,"k":100,"ix":11},"r":{"a":0,"k":0,"ix":10},"p":{"a":0,"k":[404.625,760.18,0],"ix":2},"a":{"a":0,"k":[404.625,760.18,0],"ix":1},"s":{"a":0,"k":[100,100,100],"ix":6}},"ao":0,"shapes":[{"ty":"gr","it":[{"ind":0,"ty":"sh","ix":1,"ks":{"a":0,"k":{"i":[[-0.57,0.315],[-0.476,0.108],[-1.313,-0.629],[-1.1,-0.678],[-2.494,-0.396],[-1.923,1.086],[-0.44,1.323],[1.193,1.275],[2.678,2.693],[-0.204,3.411],[-3.605,0.898],[-2.404,-0.014],[-2.229,2.524],[0.337,3.194],[0.93,3.236],[2.417,1.826],[10.702,-6.174],[6.122,-2.829],[5.912,-3.304],[4.204,-3.357],[2.679,-4.724],[-1.08,-2.357],[-3.552,0.382],[-3.55,0.911],[-4.809,0.453],[-4.386,-1.939],[-0.983,-0.26],[-2.563,0.054],[-3.801,1.476]],"o":[[0.428,-0.237],[1.568,-0.354],[1.145,0.549],[2.087,1.285],[2.18,0.347],[1.214,-0.685],[0.552,-1.657],[-2.718,-2.935],[2.464,-1.571],[0.221,-3.709],[2.332,-0.581],[3.091,0.016],[1.974,-2.236],[-0.354,-3.359],[-0.796,-2.769],[-9.469,-7.152],[-5.877,3.39],[-6.071,2.804],[-4.692,2.621],[-4.488,3.583],[-1.499,2.644],[1.265,2.762],[3.552,-0.382],[4.705,-1.206],[4.404,-0.414],[0.93,0.411],[2.477,0.658],[4.076,-0.084],[0.606,-0.235]],"v":[[13.552,27.815],[14.892,27.26],[18.867,28.362],[22.267,29.945],[28.844,33.305],[35.175,31.836],[38.029,28.911],[36.578,24.142],[27.102,17.258],[30.922,12.425],[37.576,4.414],[44.76,4.24],[56.298,1.142],[54.094,-8.714],[51.765,-18.481],[47.626,-26.5],[3.836,-17.55],[-14.342,-8.547],[-32.472,-0.658],[-46.017,8.117],[-55.786,20.188],[-57.192,28.26],[-48.623,31.564],[-37.99,28.862],[-23.612,27.092],[-10.239,26.149],[-7.473,27.424],[0.07,26.383],[11.823,28.729]],"c":true},"ix":2},"nm":"Path 1","mn":"ADBE Vector Shape - Group","hd":false},{"ty":"fl","c":{"a":0,"k":[0.075,0.071000005685,0.067000003889,1],"ix":4},"o":{"a":0,"k":100,"ix":5},"r":1,"bm":0,"nm":"Fill 1","mn":"ADBE Vector Graphic - Fill","hd":false},{"ty":"tr","p":{"a":0,"k":[362.907,744.561],"ix":2},"a":{"a":0,"k":[0,0],"ix":1},"s":{"a":0,"k":[100,100],"ix":3},"r":{"a":0,"k":0,"ix":6},"o":{"a":0,"k":100,"ix":7},"sk":{"a":0,"k":0,"ix":4},"sa":{"a":0,"k":0,"ix":5},"nm":"Transform"}],"nm":"Group 1","np":4,"cix":2,"bm":0,"ix":1,"mn":"ADBE Vector Group","hd":false},{"ty":"gr","it":[{"ind":0,"ty":"sh","ix":1,"ks":{"a":0,"k":{"i":[[-5.206,-0.015],[-2.581,-8.426],[-1.996,-6.01],[0.639,-0.65],[3.337,-0.881],[10.738,-1.973],[3.198,-0.572],[2.786,-1.696],[13.526,-4.16],[1.314,0.015],[0.66,0.932],[-1.047,2.349],[-15.141,8.457],[-7.39,2.274]],"o":[[3.85,-0.195],[3.419,5.459],[0.182,0.549],[-2.447,2.495],[-10.691,2.819],[-3.246,0.597],[-3.123,0.558],[-11.96,7.282],[-1.33,0.409],[-1.314,-0.016],[-1.281,-1.809],[5.917,-15.461],[6.867,-3.833],[5.167,-1.59]],"v":[[41.96,-33.045],[51.692,-21.708],[54.224,-15.051],[53.964,-11.508],[44.686,-6.817],[10.106,3.37],[0.382,4.762],[-8.328,8.95],[-43.568,31.269],[-47.578,32.015],[-53.829,32.309],[-53.755,24.257],[4.736,-19.726],[25.116,-29.129]],"c":true},"ix":2},"nm":"Path 1","mn":"ADBE Vector Shape - Group","hd":false},{"ty":"fl","c":{"a":0,"k":[0.4,0.4,0.4,1],"ix":4},"o":{"a":0,"k":100,"ix":5},"r":1,"bm":0,"nm":"Fill 1","mn":"ADBE Vector Graphic - Fill","hd":false},{"ty":"tr","p":{"a":0,"k":[359.558,740.42],"ix":2},"a":{"a":0,"k":[0,0],"ix":1},"s":{"a":0,"k":[100,100],"ix":3},"r":{"a":0,"k":0,"ix":6},"o":{"a":0,"k":100,"ix":7},"sk":{"a":0,"k":0,"ix":4},"sa":{"a":0,"k":0,"ix":5},"nm":"Transform"}],"nm":"Group 2","np":4,"cix":2,"bm":0,"ix":2,"mn":"ADBE Vector Group","hd":false},{"ty":"gr","it":[{"ind":0,"ty":"sh","ix":1,"ks":{"a":0,"k":{"i":[[-0.071,1.352],[-1.51,1.813],[-3.134,2.033],[-8.386,1.834],[-2.256,-0.667],[-1.192,-2.337],[-1.332,-3.919],[-1.097,-8.433],[8.832,7.175],[9.088,6.862],[0.936,1.743]],"o":[[0.121,-2.318],[2.39,-2.871],[7.202,-4.672],[2.282,-0.499],[2.578,0.763],[1.885,3.694],[2.735,8.043],[1.932,14.844],[-9.475,-6.266],[-1.578,-1.192],[-0.651,-1.212]],"v":[[-30.711,1.984],[-28.034,-4.503],[-19.164,-11.275],[4.902,-29.619],[12.503,-30.689],[18.237,-25.516],[22.878,-13.902],[28.85,10.916],[3.559,24.181],[-24.004,4.218],[-29.888,5.888]],"c":true},"ix":2},"nm":"Path 1","mn":"ADBE Vector Shape - Group","hd":false},{"ty":"fl","c":{"a":0,"k":[0.847000002394,0.607999973671,0.501999978458,1],"ix":4},"o":{"a":0,"k":100,"ix":5},"r":1,"bm":0,"nm":"Fill 1","mn":"ADBE Vector Graphic - Fill","hd":false},{"ty":"tr","p":{"a":0,"k":[392.528,746.99],"ix":2},"a":{"a":0,"k":[0,0],"ix":1},"s":{"a":0,"k":[100,100],"ix":3},"r":{"a":0,"k":0,"ix":6},"o":{"a":0,"k":100,"ix":7},"sk":{"a":0,"k":0,"ix":4},"sa":{"a":0,"k":0,"ix":5},"nm":"Transform"}],"nm":"Group 3","np":4,"cix":2,"bm":0,"ix":3,"mn":"ADBE Vector Group","hd":false}],"ip":0,"op":120,"st":0,"bm":0},{"ddd":0,"ind":13,"ty":4,"nm":"Calf ","sr":1,"ks":{"o":{"a":0,"k":100,"ix":11},"r":{"a":1,"k":[{"i":{"x":[0.62],"y":[0.712]},"o":{"x":[0.448],"y":[0.305]},"t":0,"s":[0]},{"i":{"x":[0.514],"y":[0.832]},"o":{"x":[0.218],"y":[0.562]},"t":17,"s":[48.421]},{"i":{"x":[0.833],"y":[1]},"o":{"x":[0.167],"y":[-0.145]},"t":38,"s":[66]},{"i":{"x":[0.81],"y":[0.588]},"o":{"x":[0.562],"y":[-0.081]},"t":60,"s":[66]},{"i":{"x":[0.535],"y":[0.502]},"o":{"x":[0.308],"y":[0.418]},"t":84,"s":[30.627]},{"t":97,"s":[0]}],"ix":10},"p":{"a":0,"k":[405.625,760.18,0],"ix":2},"a":{"a":0,"k":[405.625,760.18,0],"ix":1},"s":{"a":0,"k":[100,100,100],"ix":6}},"ao":0,"shapes":[{"ty":"gr","it":[{"ind":0,"ty":"sh","ix":1,"ks":{"a":0,"k":{"i":[[8.474,2.638],[-2.638,8.474],[-8.473,-2.637],[2.638,-8.474]],"o":[[-8.474,-2.638],[2.638,-8.474],[8.474,2.638],[-2.638,8.473]],"v":[[-4.776,15.343],[-15.343,-4.777],[4.776,-15.344],[15.343,4.776]],"c":true},"ix":2},"nm":"Path 1","mn":"ADBE Vector Shape - Group","hd":false},{"ty":"fl","c":{"a":0,"k":[0.847000002394,0.607999973671,0.501999978458,1],"ix":4},"o":{"a":0,"k":100,"ix":5},"r":1,"bm":0,"nm":"Fill 1","mn":"ADBE Vector Graphic - Fill","hd":false},{"ty":"tr","p":{"a":0,"k":[404.983,759.923],"ix":2},"a":{"a":0,"k":[0,0],"ix":1},"s":{"a":0,"k":[100,100],"ix":3},"r":{"a":0,"k":0,"ix":6},"o":{"a":0,"k":100,"ix":7},"sk":{"a":0,"k":0,"ix":4},"sa":{"a":0,"k":0,"ix":5},"nm":"Transform"}],"nm":"Group 1","np":4,"cix":2,"bm":0,"ix":1,"mn":"ADBE Vector Group","hd":false},{"ty":"gr","it":[{"ind":0,"ty":"sh","ix":1,"ks":{"a":0,"k":{"i":[[7.002,2.953],[0.753,0.341],[15.012,7.158],[13.125,6.217],[10.2,4.019],[10.336,1.173],[-1.125,5.11],[-2.577,4.297],[-8.72,-0.841],[-15.498,-2.281],[-15.25,-4.759],[-11.957,-17.826],[23.457,-2.634]],"o":[[-0.766,-0.323],[-15.152,-6.848],[-13.11,-6.245],[-10.02,-4.738],[-9.681,-3.816],[-0.033,-5.232],[1.083,-4.893],[15.929,1.985],[15.583,1.502],[18.254,2.684],[20.353,6.352],[12.177,18.153],[-7.511,0.842]],"v":[[47.119,44.266],[44.839,43.269],[-0.831,23.143],[-39.66,3.406],[-70.405,-8.281],[-100.419,-16.027],[-98.926,-31.578],[-94.474,-49.33],[-57.037,-45.268],[-9.893,-38.512],[36.485,-28.527],[88.276,3.03],[69.132,48.488]],"c":true},"ix":2},"nm":"Path 1","mn":"ADBE Vector Shape - Group","hd":false},{"ty":"fl","c":{"a":0,"k":[0.109999997008,0.113999998803,0.118000000598,1],"ix":4},"o":{"a":0,"k":100,"ix":5},"r":1,"bm":0,"nm":"Fill 1","mn":"ADBE Vector Graphic - Fill","hd":false},{"ty":"tr","p":{"a":0,"k":[526.861,796.935],"ix":2},"a":{"a":0,"k":[0,0],"ix":1},"s":{"a":0,"k":[100,100],"ix":3},"r":{"a":0,"k":0,"ix":6},"o":{"a":0,"k":100,"ix":7},"sk":{"a":0,"k":0,"ix":4},"sa":{"a":0,"k":0,"ix":5},"nm":"Transform"}],"nm":"Group 2","np":4,"cix":2,"bm":0,"ix":2,"mn":"ADBE Vector Group","hd":false},{"ty":"gr","it":[{"ind":0,"ty":"sh","ix":1,"ks":{"a":0,"k":{"i":[[-0.624,2.997],[-0.075,1.012],[-0.2,0.93],[-2.955,1.8],[-4.219,-0.641],[-5.392,-0.515],[-2.625,-0.605],[1.016,-4.533],[-0.124,-4.869],[0.992,0.212],[7.359,0.793],[5.429,1.451],[0.945,1.275]],"o":[[0.283,-1.36],[0.071,-0.949],[0.741,-3.446],[3.689,-2.248],[5.369,0.816],[5.239,0.502],[-2.544,3.953],[-1.055,4.734],[-1.005,-0.12],[-6.315,-1.349],[-5.587,-0.602],[-1.533,-0.409],[-1.418,-1.91]],"v":[[-25.237,0.68],[-24.601,-2.969],[-24.277,-5.802],[-17.122,-14.761],[-3.815,-17.554],[15.024,-13.998],[26.513,-12.925],[15.656,3.754],[14.409,18.195],[11.396,17.873],[-4.562,15.033],[-20.966,11.164],[-25.095,8.993]],"c":true},"ix":2},"nm":"Path 1","mn":"ADBE Vector Shape - Group","hd":false},{"ty":"fl","c":{"a":0,"k":[0.847000002394,0.607999973671,0.501999978458,1],"ix":4},"o":{"a":0,"k":100,"ix":5},"r":1,"bm":0,"nm":"Fill 1","mn":"ADBE Vector Graphic - Fill","hd":false},{"ty":"tr","p":{"a":0,"k":[412.957,761.942],"ix":2},"a":{"a":0,"k":[0,0],"ix":1},"s":{"a":0,"k":[100,100],"ix":3},"r":{"a":0,"k":0,"ix":6},"o":{"a":0,"k":100,"ix":7},"sk":{"a":0,"k":0,"ix":4},"sa":{"a":0,"k":0,"ix":5},"nm":"Transform"}],"nm":"Group 3","np":4,"cix":2,"bm":0,"ix":3,"mn":"ADBE Vector Group","hd":false}],"ip":0,"op":120,"st":0,"bm":0},{"ddd":0,"ind":14,"ty":4,"nm":"Hips ","sr":1,"ks":{"o":{"a":0,"k":100,"ix":11},"r":{"a":0,"k":0,"ix":10},"p":{"a":1,"k":[{"i":{"x":0.343,"y":0.963},"o":{"x":0.347,"y":0.354},"t":0,"s":[649.625,607.18,0],"to":[-16.167,26.333,0],"ti":[0,0,0]},{"i":{"x":0.833,"y":0.833},"o":{"x":0.167,"y":0.167},"t":36,"s":[552.6,765.2,0],"to":[0,0,0],"ti":[0,0,0]},{"i":{"x":0.651,"y":0.7},"o":{"x":0.684,"y":0.028},"t":60,"s":[552.6,765.2,0],"to":[0,0,0],"ti":[16.167,-26.333,0]},{"t":97,"s":[649.625,607.18,0]}],"ix":2},"a":{"a":0,"k":[649.625,607.18,0],"ix":1},"s":{"a":0,"k":[100,100,100],"ix":6}},"ao":0,"shapes":[{"ty":"gr","it":[{"ind":0,"ty":"sh","ix":1,"ks":{"a":0,"k":{"i":[[3.411,6.195],[11.96,1.36],[1.591,-16.49],[4.665,-8.037],[1.48,-2.229],[-12.345,32.225],[2.062,12.429]],"o":[[-5.345,-9.707],[1.861,11.31],[-1.972,20.435],[-1.151,1.986],[7.208,-2.889],[4.911,-12.818],[-4.047,-24.393]],"v":[[11.379,-46.307],[-17.224,-61.121],[-12.289,-2.434],[-24.763,53.643],[-28.794,60.047],[23.883,28.897],[22.382,-17.203]],"c":true},"ix":2},"nm":"Path 1","mn":"ADBE Vector Shape - Group","hd":false},{"ty":"fl","c":{"a":0,"k":[0.071000005685,0.075,0.078000005086,1],"ix":4},"o":{"a":0,"k":100,"ix":5},"r":1,"bm":0,"nm":"Fill 1","mn":"ADBE Vector Graphic - Fill","hd":false},{"ty":"tr","p":{"a":0,"k":[699.974,610.254],"ix":2},"a":{"a":0,"k":[0,0],"ix":1},"s":{"a":0,"k":[100,100],"ix":3},"r":{"a":0,"k":0,"ix":6},"o":{"a":0,"k":100,"ix":7},"sk":{"a":0,"k":0,"ix":4},"sa":{"a":0,"k":0,"ix":5},"nm":"Transform"}],"nm":"Group 1","np":4,"cix":2,"bm":0,"ix":1,"mn":"ADBE Vector Group","hd":false},{"ty":"gr","it":[{"ind":0,"ty":"sh","ix":1,"ks":{"a":0,"k":{"i":[[2.063,12.429],[3.411,6.195],[16.465,0.058],[10.23,1.081],[12.5,-24.667],[-15.077,-26.581],[-13.893,-2.475],[-8.107,0.3],[-14.437,28.79]],"o":[[-4.047,-24.394],[-10.435,-18.951],[-10.239,-0.035],[-20.455,-2.162],[-1.199,2.366],[3.592,6.331],[31.186,5.559],[4.053,-0.152],[6.154,-12.271]],"v":[[79.078,-16.619],[68.076,-45.722],[8.062,-60.992],[-19.47,-65.145],[-60.182,-29.128],[-66.064,45.698],[-35.361,61.747],[26.055,61.149],[69.884,16.756]],"c":true},"ix":2},"nm":"Path 1","mn":"ADBE Vector Shape - Group","hd":false},{"ty":"fl","c":{"a":0,"k":[0.109999997008,0.113999998803,0.118000000598,1],"ix":4},"o":{"a":0,"k":100,"ix":5},"r":1,"bm":0,"nm":"Fill 1","mn":"ADBE Vector Graphic - Fill","hd":false},{"ty":"tr","p":{"a":0,"k":[643.277,609.67],"ix":2},"a":{"a":0,"k":[0,0],"ix":1},"s":{"a":0,"k":[100,100],"ix":3},"r":{"a":0,"k":0,"ix":6},"o":{"a":0,"k":100,"ix":7},"sk":{"a":0,"k":0,"ix":4},"sa":{"a":0,"k":0,"ix":5},"nm":"Transform"}],"nm":"Group 2","np":4,"cix":2,"bm":0,"ix":2,"mn":"ADBE Vector Group","hd":false},{"ty":"gr","it":[{"ind":0,"ty":"sh","ix":1,"ks":{"a":0,"k":{"i":[[5.164,-40.124],[40.124,5.164],[-5.164,40.124],[-40.124,-5.164]],"o":[[-5.164,40.124],[-40.124,-5.163],[5.164,-40.124],[40.124,5.164]],"v":[[72.651,17.292],[-7.423,64.708],[-72.651,-1.407],[9.35,-64.708]],"c":true},"ix":2},"nm":"Path 1","mn":"ADBE Vector Shape - Group","hd":false},{"ty":"fl","c":{"a":0,"k":[0.071000005685,0.075,0.078000005086,1],"ix":4},"o":{"a":0,"k":100,"ix":5},"r":1,"bm":0,"nm":"Fill 1","mn":"ADBE Vector Graphic - Fill","hd":false},{"ty":"tr","p":{"a":0,"k":[650.598,600.408],"ix":2},"a":{"a":0,"k":[0,0],"ix":1},"s":{"a":0,"k":[100,100],"ix":3},"r":{"a":0,"k":0,"ix":6},"o":{"a":0,"k":100,"ix":7},"sk":{"a":0,"k":0,"ix":4},"sa":{"a":0,"k":0,"ix":5},"nm":"Transform"}],"nm":"Group 3","np":4,"cix":2,"bm":0,"ix":3,"mn":"ADBE Vector Group","hd":false},{"ty":"gr","it":[{"ind":0,"ty":"sh","ix":1,"ks":{"a":0,"k":{"i":[[0,23.645],[23.313,0],[0,-23.644],[-23.313,0]],"o":[[0,-23.644],[-23.313,0],[0,23.645],[23.313,0]],"v":[[42.213,0],[0,-42.812],[-42.213,0],[0,42.812]],"c":true},"ix":2},"nm":"Path 1","mn":"ADBE Vector Shape - Group","hd":false},{"ty":"fl","c":{"a":0,"k":[0.071000005685,0.075,0.078000005086,1],"ix":4},"o":{"a":0,"k":100,"ix":5},"r":1,"bm":0,"nm":"Fill 1","mn":"ADBE Vector Graphic - Fill","hd":false},{"ty":"tr","p":{"a":0,"k":[684.296,624.192],"ix":2},"a":{"a":0,"k":[0,0],"ix":1},"s":{"a":0,"k":[100,100],"ix":3},"r":{"a":0,"k":0,"ix":6},"o":{"a":0,"k":100,"ix":7},"sk":{"a":0,"k":0,"ix":4},"sa":{"a":0,"k":0,"ix":5},"nm":"Transform"}],"nm":"Group 4","np":4,"cix":2,"bm":0,"ix":4,"mn":"ADBE Vector Group","hd":false},{"ty":"gr","it":[{"ind":0,"ty":"sh","ix":1,"ks":{"a":0,"k":{"i":[[0,26.758],[26.384,0],[0,-26.759],[-26.383,0]],"o":[[0,-26.759],[-26.383,0],[0,26.758],[26.384,0]],"v":[[47.771,0],[-0.001,-48.45],[-47.772,0],[-0.001,48.45]],"c":true},"ix":2},"nm":"Path 1","mn":"ADBE Vector Shape - Group","hd":false},{"ty":"fl","c":{"a":0,"k":[0.109999997008,0.113999998803,0.118000000598,1],"ix":4},"o":{"a":0,"k":100,"ix":5},"r":1,"bm":0,"nm":"Fill 1","mn":"ADBE Vector Graphic - Fill","hd":false},{"ty":"tr","p":{"a":0,"k":[619.2,633.172],"ix":2},"a":{"a":0,"k":[0,0],"ix":1},"s":{"a":0,"k":[100,100],"ix":3},"r":{"a":0,"k":0,"ix":6},"o":{"a":0,"k":100,"ix":7},"sk":{"a":0,"k":0,"ix":4},"sa":{"a":0,"k":0,"ix":5},"nm":"Transform"}],"nm":"Group 5","np":4,"cix":2,"bm":0,"ix":5,"mn":"ADBE Vector Group","hd":false}],"ip":0,"op":120,"st":0,"bm":0},{"ddd":0,"ind":15,"ty":4,"nm":"Thigh_1 ","parent":16,"sr":1,"ks":{"o":{"a":0,"k":100,"ix":11},"r":{"a":1,"k":[{"i":{"x":[0.404],"y":[0.979]},"o":{"x":[0.2],"y":[0.033]},"t":0,"s":[0]},{"i":{"x":[0.833],"y":[1]},"o":{"x":[0.167],"y":[-0.424]},"t":38,"s":[-99]},{"i":{"x":[0.715],"y":[0.794]},"o":{"x":[0.799],"y":[0.069]},"t":60,"s":[-99]},{"t":97,"s":[0]}],"ix":10},"p":{"a":0,"k":[691.125,798.68,0],"ix":2},"a":{"a":0,"k":[691.125,798.68,0],"ix":1},"s":{"a":0,"k":[100,100,100],"ix":6}},"ao":0,"shapes":[{"ty":"gr","it":[{"ind":0,"ty":"sh","ix":1,"ks":{"a":0,"k":{"i":[[1.986,-12.772],[5.69,0.07],[4.766,9.333],[0.922,6.564],[4.59,16.852],[-0.376,18.759],[-0.309,14.569],[-4.844,8.451],[-20.8,-0.829],[-2.777,-5.488],[-0.713,-12.249],[0.667,-17.333]],"o":[[-2.491,16.019],[-9.609,-0.119],[-3.014,-5.903],[-2.998,-21.32],[-4.888,-17.948],[0.292,-14.572],[0.279,-13.129],[4.845,-8.45],[20.8,0.828],[5.723,12.79],[0.776,13.34],[-2.262,58.821]],"v":[[34.839,98.839],[6.305,122.793],[-16.261,105.627],[-21.975,75.084],[-33.38,33.69],[-40.014,-24.75],[-43.263,-73.061],[-36.762,-102.555],[1.188,-122.035],[36.265,-98.747],[42.428,-64.002],[42.905,1.46]],"c":true},"ix":2},"nm":"Path 1","mn":"ADBE Vector Shape - Group","hd":false},{"ty":"fl","c":{"a":0,"k":[0.071000005685,0.075,0.078000005086,1],"ix":4},"o":{"a":0,"k":100,"ix":5},"r":1,"bm":0,"nm":"Fill 1","mn":"ADBE Vector Graphic - Fill","hd":false},{"ty":"tr","p":{"a":0,"k":[685.856,703.915],"ix":2},"a":{"a":0,"k":[0,0],"ix":1},"s":{"a":0,"k":[100,100],"ix":3},"r":{"a":0,"k":0,"ix":6},"o":{"a":0,"k":100,"ix":7},"sk":{"a":0,"k":0,"ix":4},"sa":{"a":0,"k":0,"ix":5},"nm":"Transform"}],"nm":"Group 1","np":4,"cix":2,"bm":0,"ix":1,"mn":"ADBE Vector Group","hd":false}],"ip":0,"op":120,"st":0,"bm":0},{"ddd":0,"ind":16,"ty":4,"nm":"Calf_1 ","sr":1,"ks":{"o":{"a":0,"k":100,"ix":11},"r":{"a":1,"k":[{"i":{"x":[0.343],"y":[0.639]},"o":{"x":[0.347],"y":[0.438]},"t":0,"s":[0]},{"i":{"x":[0.833],"y":[1]},"o":{"x":[0.167],"y":[-0.145]},"t":38,"s":[20]},{"i":{"x":[0.651],"y":[0.173]},"o":{"x":[0.684],"y":[-0.267]},"t":60,"s":[20]},{"t":97,"s":[0]}],"ix":10},"p":{"a":0,"k":[684.875,980.93,0],"ix":2},"a":{"a":0,"k":[684.875,980.93,0],"ix":1},"s":{"a":0,"k":[100,100,100],"ix":6}},"ao":0,"shapes":[{"ty":"gr","it":[{"ind":0,"ty":"sh","ix":1,"ks":{"a":0,"k":{"i":[[0.248,-15.67],[15.669,0.248],[-0.248,15.669],[-15.67,-0.248]],"o":[[-0.248,15.669],[-15.669,-0.248],[0.248,-15.669],[15.669,0.247]],"v":[[28.372,0.449],[-0.448,28.371],[-28.372,-0.449],[0.449,-28.371]],"c":true},"ix":2},"nm":"Path 1","mn":"ADBE Vector Shape - Group","hd":false},{"ty":"fl","c":{"a":0,"k":[0.071000005685,0.075,0.078000005086,1],"ix":4},"o":{"a":0,"k":100,"ix":5},"r":1,"bm":0,"nm":"Fill 1","mn":"ADBE Vector Graphic - Fill","hd":false},{"ty":"tr","p":{"a":0,"k":[692.161,800.706],"ix":2},"a":{"a":0,"k":[0,0],"ix":1},"s":{"a":0,"k":[100,100],"ix":3},"r":{"a":0,"k":0,"ix":6},"o":{"a":0,"k":100,"ix":7},"sk":{"a":0,"k":0,"ix":4},"sa":{"a":0,"k":0,"ix":5},"nm":"Transform"}],"nm":"Group 1","np":4,"cix":2,"bm":0,"ix":1,"mn":"ADBE Vector Group","hd":false},{"ty":"gr","it":[{"ind":0,"ty":"sh","ix":1,"ks":{"a":0,"k":{"i":[[-0.787,6.776],[1.721,3.873],[7.802,2.034],[4.584,-0.579],[2.489,-12.492],[0.628,-3.687],[1.75,-12.5],[-1.164,-11.002],[-5.405,-24.951],[-1.199,-6.166],[-0.226,-3.846],[-0.057,-1.098],[-2.442,0.185],[-4.487,0.602],[-2.173,0.734],[0.017,1.08],[-0.693,14.342],[-1.778,17.749],[-1.99,12.574],[-1.985,6.077]],"o":[[0.492,-4.24],[-3.491,-7.852],[-4.472,-1.166],[-14.482,1.83],[-0.729,3.66],[-1.736,10.186],[-1.535,10.963],[2.697,25.494],[0.644,2.976],[0.737,3.791],[0.068,1.099],[2.398,0.691],[5.412,-0.413],[2.293,-0.308],[-0.027,-1.069],[-0.298,-14.337],[0.857,-17.816],[1.267,-12.653],[0.998,-6.31],[1.933,-5.922]],"v":[[34.01,-70.001],[32.506,-82.307],[11.685,-96.264],[0.219,-97.173],[-24.213,-68.77],[-27.717,-54.174],[-32.967,-28.674],[-32.467,5.576],[-23.301,61.814],[-21.011,76.397],[-19.093,88.873],[-17.678,97.061],[-7.341,96.85],[6.803,95.639],[13.516,94.081],[13.456,90.861],[14.541,48.203],[20.432,6.21],[24.18,-31.758],[28.545,-50.402]],"c":true},"ix":2},"nm":"Path 1","mn":"ADBE Vector Shape - Group","hd":false},{"ty":"fl","c":{"a":0,"k":[0.071000005685,0.075,0.078000005086,1],"ix":4},"o":{"a":0,"k":100,"ix":5},"r":1,"bm":0,"nm":"Fill 1","mn":"ADBE Vector Graphic - Fill","hd":false},{"ty":"tr","p":{"a":0,"k":[686.812,869.966],"ix":2},"a":{"a":0,"k":[0,0],"ix":1},"s":{"a":0,"k":[100,100],"ix":3},"r":{"a":0,"k":0,"ix":6},"o":{"a":0,"k":100,"ix":7},"sk":{"a":0,"k":0,"ix":4},"sa":{"a":0,"k":0,"ix":5},"nm":"Transform"}],"nm":"Group 2","np":4,"cix":2,"bm":0,"ix":2,"mn":"ADBE Vector Group","hd":false},{"ty":"gr","it":[{"ind":0,"ty":"sh","ix":1,"ks":{"a":0,"k":{"i":[[0.113,-3.725],[1.971,-1.847],[4.35,4.008],[0.558,4.749],[0.189,3.851],[-2.269,-0.339],[-4.188,0.614],[-2.026,0.758],[-0.087,-2.379]],"o":[[-0.089,2.777],[-4.692,4.379],[-3.441,-3.158],[-0.756,-6.428],[2.241,0.723],[4.181,0.623],[2.141,-0.314],[0.06,2.379],[0.131,3.728]],"v":[[15.213,2.131],[11.112,10.819],[-7.028,12.681],[-13.79,2.195],[-15.326,-16.689],[-4.33,-14.866],[8.302,-14.692],[14.567,-16.294],[14.782,-9.157]],"c":true},"ix":2},"nm":"Path 1","mn":"ADBE Vector Shape - Group","hd":false},{"ty":"fl","c":{"a":0,"k":[0.788000009574,0.54900004069,0.458999992819,1],"ix":4},"o":{"a":0,"k":100,"ix":5},"r":1,"bm":0,"nm":"Fill 1","mn":"ADBE Vector Graphic - Fill","hd":false},{"ty":"tr","p":{"a":0,"k":[684.83,979.299],"ix":2},"a":{"a":0,"k":[0,0],"ix":1},"s":{"a":0,"k":[100,100],"ix":3},"r":{"a":0,"k":0,"ix":6},"o":{"a":0,"k":100,"ix":7},"sk":{"a":0,"k":0,"ix":4},"sa":{"a":0,"k":0,"ix":5},"nm":"Transform"}],"nm":"Group 3","np":4,"cix":2,"bm":0,"ix":3,"mn":"ADBE Vector Group","hd":false},{"ty":"gr","it":[{"ind":0,"ty":"sh","ix":1,"ks":{"a":0,"k":{"i":[[0,-8.036],[8.036,0],[0,8.036],[-8.036,0]],"o":[[0,8.036],[-8.036,0],[0,-8.036],[8.036,0]],"v":[[14.551,0],[0,14.551],[-14.55,0],[0,-14.551]],"c":true},"ix":2},"nm":"Path 1","mn":"ADBE Vector Shape - Group","hd":false},{"ty":"fl","c":{"a":0,"k":[0.788000009574,0.54900004069,0.458999992819,1],"ix":4},"o":{"a":0,"k":100,"ix":5},"r":1,"bm":0,"nm":"Fill 1","mn":"ADBE Vector Graphic - Fill","hd":false},{"ty":"tr","p":{"a":0,"k":[685.512,979.976],"ix":2},"a":{"a":0,"k":[0,0],"ix":1},"s":{"a":0,"k":[100,100],"ix":3},"r":{"a":0,"k":0,"ix":6},"o":{"a":0,"k":100,"ix":7},"sk":{"a":0,"k":0,"ix":4},"sa":{"a":0,"k":0,"ix":5},"nm":"Transform"}],"nm":"Group 4","np":4,"cix":2,"bm":0,"ix":4,"mn":"ADBE Vector Group","hd":false}],"ip":0,"op":120,"st":0,"bm":0},{"ddd":0,"ind":17,"ty":4,"nm":"Foot_1 ","sr":1,"ks":{"o":{"a":0,"k":100,"ix":11},"r":{"a":0,"k":0,"ix":10},"p":{"a":0,"k":[685.375,980.43,0],"ix":2},"a":{"a":0,"k":[685.375,980.43,0],"ix":1},"s":{"a":0,"k":[100,100,100],"ix":6}},"ao":0,"shapes":[{"ty":"gr","it":[{"ind":0,"ty":"sh","ix":1,"ks":{"a":0,"k":{"i":[[0.083,-0.022],[0.225,0.111],[0.115,0.168],[0.757,0.7],[1,-0.242],[0.89,0.748],[0.941,-0.681],[1.534,0.294],[0.445,2.017],[-0.006,1.238],[0.225,1.369],[5.05,-2.468],[0.241,-1.208],[-0.136,-1.225],[-0.189,-1.702],[0.234,-0.049],[1.536,-1.263],[2.024,-1.399],[2.382,-0.69],[3.154,2.742],[0.556,1.145],[0.894,1.041],[1.847,0.767],[0.219,-0.268],[0.414,-0.842],[0.842,-3.42],[0.327,-3.793],[-0.732,-1.462],[-1.443,-0.601],[-2.851,-0.283],[-3.172,-0.227],[-9.636,-1.097],[-10.015,-0.851],[-5.059,0.384],[-3.364,2.741],[-0.159,2.856],[1.607,0.724],[3.972,0.578],[2.934,1.432],[1.079,0.349],[0.605,0.389],[0.623,0.586],[1.45,-0.405]],"o":[[-0.25,0.065],[-0.183,-0.09],[-0.577,-0.843],[-0.755,-0.699],[-0.283,-1.127],[-0.89,-0.748],[-0.149,-1.554],[-1.991,-0.381],[-0.264,-1.2],[0.007,-1.385],[-0.662,-4.033],[-1.107,0.541],[-0.24,1.209],[0.189,1.702],[-0.035,-0.317],[-2.002,0.418],[-1.894,1.557],[-2.037,1.41],[-4.027,1.167],[-0.976,-0.848],[-0.592,-1.217],[-1.319,-1.534],[-0.364,-0.152],[-0.593,0.729],[-1.566,3.186],[-0.91,3.691],[-0.14,1.629],[0.701,1.396],[2.672,1.11],[3.165,0.316],[9.669,0.692],[9.899,1.126],[5.051,0.429],[4.083,-0.311],[1.743,-1.419],[0.129,-2.316],[-3.667,-1.648],[-3.194,-0.465],[-1.019,-0.497],[-0.684,-0.223],[-0.72,-0.461],[-1.097,-1.031],[-0.081,0.022]],"v":[[20.157,3.383],[19.427,3.38],[19.005,2.946],[17.135,0.493],[14.322,-0.437],[12.678,-3.447],[9.456,-3.758],[6.218,-6.687],[2.484,-10.08],[2.458,-13.843],[2.175,-17.986],[-6.811,-25.594],[-8.838,-22.659],[-8.807,-18.977],[-8.112,-13.191],[-10.515,-13.209],[-15.556,-10.183],[-21.132,-5.379],[-27.922,-2.072],[-39.093,-4.593],[-41.287,-7.402],[-43.233,-10.97],[-48.243,-14.319],[-50.251,-12.499],[-51.739,-10.116],[-54.805,-0.001],[-56.842,11.215],[-56.285,16.025],[-52.804,19.017],[-44.145,20.614],[-34.631,21.337],[-5.632,23.55],[24.294,27.475],[39.49,27.678],[54.214,24.989],[56.888,17.999],[52.541,13.411],[40.806,10.675],[31.498,8.338],[28.418,6.904],[26.399,6.162],[24.6,4.346],[20.404,3.314]],"c":true},"ix":2},"nm":"Path 1","mn":"ADBE Vector Shape - Group","hd":false},{"ty":"fl","c":{"a":0,"k":[0.075,0.071000005685,0.067000003889,1],"ix":4},"o":{"a":0,"k":100,"ix":5},"r":1,"bm":0,"nm":"Fill 1","mn":"ADBE Vector Graphic - Fill","hd":false},{"ty":"tr","p":{"a":0,"k":[714.919,998.927],"ix":2},"a":{"a":0,"k":[0,0],"ix":1},"s":{"a":0,"k":[100,100],"ix":3},"r":{"a":0,"k":0,"ix":6},"o":{"a":0,"k":100,"ix":7},"sk":{"a":0,"k":0,"ix":4},"sa":{"a":0,"k":0,"ix":5},"nm":"Transform"}],"nm":"Group 1","np":4,"cix":2,"bm":0,"ix":1,"mn":"ADBE Vector Group","hd":false},{"ty":"gr","it":[{"ind":0,"ty":"sh","ix":1,"ks":{"a":0,"k":{"i":[[0.331,-1.977],[-0.621,-1.162],[-1.256,-0.54],[-5.415,0.063],[-5.963,-0.13],[-8.905,-0.705],[-8.978,0.533],[-5.05,2.002],[-1.814,2.508],[2.353,2.123],[1.198,0.181],[6.842,-0.749],[7.319,1.015],[8.146,0.863],[7.816,-1.197],[3.728,0.878],[1.394,-0.134],[0.612,-0.212],[0.349,-0.347],[0.136,-0.621]],"o":[[-0.263,1.566],[0.644,1.205],[5.086,2.187],[5.963,-0.071],[8.932,0.196],[8.938,0.708],[5.384,-0.32],[2.852,-1.129],[1.583,-2.189],[-0.899,-0.811],[-6.805,-1.025],[-7.344,0.805],[-8.113,-1.126],[-7.863,-0.833],[-3.786,0.579],[-1.363,-0.321],[-0.644,0.062],[-0.449,0.155],[-0.47,0.469],[-0.326,1.501]],"v":[[-58.475,-0.977],[-58.133,3.271],[-54.959,5.738],[-39.261,7.871],[-21.371,7.961],[5.411,9.213],[32.292,10.444],[48.674,7.629],[56.031,2.191],[56.401,-5.938],[53.068,-7.248],[32.635,-5.017],[10.579,-6.459],[-13.828,-9.312],[-37.475,-9.78],[-48.858,-9.028],[-52.964,-9.793],[-54.838,-9.306],[-56.477,-8.693],[-57.095,-6.504]],"c":true},"ix":2},"nm":"Path 1","mn":"ADBE Vector Shape - Group","hd":false},{"ty":"fl","c":{"a":0,"k":[0.4,0.4,0.4,1],"ix":4},"o":{"a":0,"k":100,"ix":5},"r":1,"bm":0,"nm":"Fill 1","mn":"ADBE Vector Graphic - Fill","hd":false},{"ty":"tr","p":{"a":0,"k":[715.419,1022.057],"ix":2},"a":{"a":0,"k":[0,0],"ix":1},"s":{"a":0,"k":[100,100],"ix":3},"r":{"a":0,"k":0,"ix":6},"o":{"a":0,"k":100,"ix":7},"sk":{"a":0,"k":0,"ix":4},"sa":{"a":0,"k":0,"ix":5},"nm":"Transform"}],"nm":"Group 2","np":4,"cix":2,"bm":0,"ix":2,"mn":"ADBE Vector Group","hd":false},{"ty":"gr","it":[{"ind":0,"ty":"sh","ix":1,"ks":{"a":0,"k":{"i":[[-10.496,-0.063],[-6.723,-6.076],[-8.913,-2.61],[-4.635,-2.712],[-0.82,-1.3],[0.596,-1.418],[3.079,-0.156],[2.767,0.28],[4.69,0.441],[4.41,0.65],[1.204,0.53],[1.41,1.09],[3.034,0.4],[3.581,-0.383],[5.685,0.821],[1.528,14.333],[-3.246,10.059]],"o":[[13.036,0.813],[5.47,4.943],[5.104,1.494],[1.327,0.777],[0.821,1.301],[-1.351,3.216],[-2.778,0.14],[-4.688,-0.474],[-4.439,-0.418],[-1.301,-0.192],[-1.631,-0.72],[-2.483,-1.918],[-3.568,-0.47],[-5.619,0.602],[-2.308,-0.333],[-0.722,-14.917],[1.124,-3.481]],"v":[[-29.022,-32.672],[-5.798,-8.883],[33.273,15.37],[47.966,20.697],[51.375,23.736],[51.922,28.14],[42.433,32.595],[34.114,32.072],[20.023,30.978],[6.762,29.26],[2.939,28.341],[-1.407,25.252],[-9.994,22.585],[-20.77,22.396],[-37.26,23.018],[-51.796,7.901],[-43.848,-21.932]],"c":true},"ix":2},"nm":"Path 1","mn":"ADBE Vector Shape - Group","hd":false},{"ty":"fl","c":{"a":0,"k":[0.788000009574,0.54900004069,0.458999992819,1],"ix":4},"o":{"a":0,"k":100,"ix":5},"r":1,"bm":0,"nm":"Fill 1","mn":"ADBE Vector Graphic - Fill","hd":false},{"ty":"tr","p":{"a":0,"k":[715.338,998.099],"ix":2},"a":{"a":0,"k":[0,0],"ix":1},"s":{"a":0,"k":[100,100],"ix":3},"r":{"a":0,"k":0,"ix":6},"o":{"a":0,"k":100,"ix":7},"sk":{"a":0,"k":0,"ix":4},"sa":{"a":0,"k":0,"ix":5},"nm":"Transform"}],"nm":"Group 3","np":4,"cix":2,"bm":0,"ix":3,"mn":"ADBE Vector Group","hd":false}],"ip":0,"op":120,"st":0,"bm":0},{"ddd":0,"ind":18,"ty":4,"nm":"bench Outlines","sr":1,"ks":{"o":{"a":0,"k":100,"ix":11},"r":{"a":0,"k":0,"ix":10},"p":{"a":0,"k":[914.625,609.18,0],"ix":2},"a":{"a":0,"k":[914.625,609.18,0],"ix":1},"s":{"a":0,"k":[100,100,100],"ix":6}},"ao":0,"shapes":[{"ty":"gr","it":[{"ind":0,"ty":"sh","ix":1,"ks":{"a":0,"k":{"i":[[0,0],[0,0],[0,0],[0,0]],"o":[[0,0],[0,0],[0,0],[0,0]],"v":[[91.978,17.11],[-91.978,17.11],[-91.978,-17.11],[91.978,-17.11]],"c":true},"ix":2},"nm":"Path 1","mn":"ADBE Vector Shape - Group","hd":false},{"ty":"fl","c":{"a":0,"k":[0.783999992819,0.791999966491,0.8,1],"ix":4},"o":{"a":0,"k":100,"ix":5},"r":1,"bm":0,"nm":"Fill 1","mn":"ADBE Vector Graphic - Fill","hd":false},{"ty":"tr","p":{"a":0,"k":[183.8,906.713],"ix":2},"a":{"a":0,"k":[0,0],"ix":1},"s":{"a":0,"k":[100,100],"ix":3},"r":{"a":0,"k":0,"ix":6},"o":{"a":0,"k":100,"ix":7},"sk":{"a":0,"k":0,"ix":4},"sa":{"a":0,"k":0,"ix":5},"nm":"Transform"}],"nm":"Group 1","np":2,"cix":2,"bm":0,"ix":1,"mn":"ADBE Vector Group","hd":false},{"ty":"gr","it":[{"ind":0,"ty":"sh","ix":1,"ks":{"a":0,"k":{"i":[[0,0],[0,0],[0,0],[0,0]],"o":[[0,0],[0,0],[0,0],[0,0]],"v":[[94.333,-75.797],[-94.333,102.318],[-94.333,68.099],[94.333,-102.318]],"c":true},"ix":2},"nm":"Path 1","mn":"ADBE Vector Shape - Group","hd":false},{"ty":"fl","c":{"a":0,"k":[0.698000021542,0.709999952129,0.717999985639,1],"ix":4},"o":{"a":0,"k":100,"ix":5},"r":1,"bm":0,"nm":"Fill 1","mn":"ADBE Vector Graphic - Fill","hd":false},{"ty":"tr","p":{"a":0,"k":[370.111,821.505],"ix":2},"a":{"a":0,"k":[0,0],"ix":1},"s":{"a":0,"k":[100,100],"ix":3},"r":{"a":0,"k":0,"ix":6},"o":{"a":0,"k":100,"ix":7},"sk":{"a":0,"k":0,"ix":4},"sa":{"a":0,"k":0,"ix":5},"nm":"Transform"}],"nm":"Group 2","np":2,"cix":2,"bm":0,"ix":2,"mn":"ADBE Vector Group","hd":false},{"ty":"gr","it":[{"ind":0,"ty":"sh","ix":1,"ks":{"a":0,"k":{"i":[[0,0],[0,0],[0,0],[0,0]],"o":[[0,0],[0,0],[0,0],[0,0]],"v":[[-0.545,85.207],[-186.311,85.207],[63.689,-85.208],[186.311,-85.208]],"c":true},"ix":2},"nm":"Path 1","mn":"ADBE Vector Shape - Group","hd":false},{"ty":"fl","c":{"a":0,"k":[0.866999966491,0.866999966491,0.866999966491,1],"ix":4},"o":{"a":0,"k":100,"ix":5},"r":1,"bm":0,"nm":"Fill 1","mn":"ADBE Vector Graphic - Fill","hd":false},{"ty":"tr","p":{"a":0,"k":[278.133,804.396],"ix":2},"a":{"a":0,"k":[0,0],"ix":1},"s":{"a":0,"k":[100,100],"ix":3},"r":{"a":0,"k":0,"ix":6},"o":{"a":0,"k":100,"ix":7},"sk":{"a":0,"k":0,"ix":4},"sa":{"a":0,"k":0,"ix":5},"nm":"Transform"}],"nm":"Group 3","np":2,"cix":2,"bm":0,"ix":3,"mn":"ADBE Vector Group","hd":false},{"ty":"gr","it":[{"ind":0,"ty":"sh","ix":1,"ks":{"a":0,"k":{"i":[[0,0],[0,0],[0,0],[0,0]],"o":[[0,0],[0,0],[0,0],[0,0]],"v":[[2.179,59.841],[-2.179,64.87],[-2.179,-64.87],[2.179,-64.87]],"c":true},"ix":2},"nm":"Path 1","mn":"ADBE Vector Shape - Group","hd":false},{"ty":"fl","c":{"a":0,"k":[0.698000021542,0.709999952129,0.717999985639,1],"ix":4},"o":{"a":0,"k":100,"ix":5},"r":1,"bm":0,"nm":"Fill 1","mn":"ADBE Vector Graphic - Fill","hd":false},{"ty":"tr","p":{"a":0,"k":[430.061,805.319],"ix":2},"a":{"a":0,"k":[0,0],"ix":1},"s":{"a":0,"k":[100,100],"ix":3},"r":{"a":0,"k":0,"ix":6},"o":{"a":0,"k":100,"ix":7},"sk":{"a":0,"k":0,"ix":4},"sa":{"a":0,"k":0,"ix":5},"nm":"Transform"}],"nm":"Group 4","np":2,"cix":2,"bm":0,"ix":4,"mn":"ADBE Vector Group","hd":false},{"ty":"gr","it":[{"ind":0,"ty":"sh","ix":1,"ks":{"a":0,"k":{"i":[[0,0],[0,0],[0,0],[0,0]],"o":[[0,0],[0,0],[0,0],[0,0]],"v":[[3.211,64.87],[-3.211,64.87],[-3.211,-64.869],[3.211,-64.869]],"c":true},"ix":2},"nm":"Path 1","mn":"ADBE Vector Shape - Group","hd":false},{"ty":"fl","c":{"a":0,"k":[0.783999992819,0.791999966491,0.8,1],"ix":4},"o":{"a":0,"k":100,"ix":5},"r":1,"bm":0,"nm":"Fill 1","mn":"ADBE Vector Graphic - Fill","hd":false},{"ty":"tr","p":{"a":0,"k":[424.671,805.319],"ix":2},"a":{"a":0,"k":[0,0],"ix":1},"s":{"a":0,"k":[100,100],"ix":3},"r":{"a":0,"k":0,"ix":6},"o":{"a":0,"k":100,"ix":7},"sk":{"a":0,"k":0,"ix":4},"sa":{"a":0,"k":0,"ix":5},"nm":"Transform"}],"nm":"Group 5","np":2,"cix":2,"bm":0,"ix":5,"mn":"ADBE Vector Group","hd":false},{"ty":"gr","it":[{"ind":0,"ty":"sh","ix":1,"ks":{"a":0,"k":{"i":[[0,0],[0,0],[0,0],[0,0]],"o":[[0,0],[0,0],[0,0],[0,0]],"v":[[2.179,61.786],[-2.179,66.979],[-2.179,-66.98],[2.179,-66.98]],"c":true},"ix":2},"nm":"Path 1","mn":"ADBE Vector Shape - Group","hd":false},{"ty":"fl","c":{"a":0,"k":[0.698000021542,0.709999952129,0.717999985639,1],"ix":4},"o":{"a":0,"k":100,"ix":5},"r":1,"bm":0,"nm":"Fill 1","mn":"ADBE Vector Graphic - Fill","hd":false},{"ty":"tr","p":{"a":0,"k":[343.29,807.429],"ix":2},"a":{"a":0,"k":[0,0],"ix":1},"s":{"a":0,"k":[100,100],"ix":3},"r":{"a":0,"k":0,"ix":6},"o":{"a":0,"k":100,"ix":7},"sk":{"a":0,"k":0,"ix":4},"sa":{"a":0,"k":0,"ix":5},"nm":"Transform"}],"nm":"Group 6","np":2,"cix":2,"bm":0,"ix":6,"mn":"ADBE Vector Group","hd":false},{"ty":"gr","it":[{"ind":0,"ty":"sh","ix":1,"ks":{"a":0,"k":{"i":[[0,0],[0,0],[0,0],[0,0]],"o":[[0,0],[0,0],[0,0],[0,0]],"v":[[3.212,66.979],[-3.211,66.979],[-3.211,-66.979],[3.212,-66.979]],"c":true},"ix":2},"nm":"Path 1","mn":"ADBE Vector Shape - Group","hd":false},{"ty":"fl","c":{"a":0,"k":[0.783999992819,0.791999966491,0.8,1],"ix":4},"o":{"a":0,"k":100,"ix":5},"r":1,"bm":0,"nm":"Fill 1","mn":"ADBE Vector Graphic - Fill","hd":false},{"ty":"tr","p":{"a":0,"k":[337.899,807.43],"ix":2},"a":{"a":0,"k":[0,0],"ix":1},"s":{"a":0,"k":[100,100],"ix":3},"r":{"a":0,"k":0,"ix":6},"o":{"a":0,"k":100,"ix":7},"sk":{"a":0,"k":0,"ix":4},"sa":{"a":0,"k":0,"ix":5},"nm":"Transform"}],"nm":"Group 7","np":2,"cix":2,"bm":0,"ix":7,"mn":"ADBE Vector Group","hd":false},{"ty":"gr","it":[{"ind":0,"ty":"sh","ix":1,"ks":{"a":0,"k":{"i":[[0,0],[0,0],[0,0],[0,0]],"o":[[0,0],[0,0],[0,0],[0,0]],"v":[[3.167,86.963],[-3.167,94.271],[-3.167,-94.271],[3.167,-94.271]],"c":true},"ix":2},"nm":"Path 1","mn":"ADBE Vector Shape - Group","hd":false},{"ty":"fl","c":{"a":0,"k":[0.698000021542,0.709999952129,0.717999985639,1],"ix":4},"o":{"a":0,"k":100,"ix":5},"r":1,"bm":0,"nm":"Fill 1","mn":"ADBE Vector Graphic - Fill","hd":false},{"ty":"tr","p":{"a":0,"k":[250.322,998.752],"ix":2},"a":{"a":0,"k":[0,0],"ix":1},"s":{"a":0,"k":[100,100],"ix":3},"r":{"a":0,"k":0,"ix":6},"o":{"a":0,"k":100,"ix":7},"sk":{"a":0,"k":0,"ix":4},"sa":{"a":0,"k":0,"ix":5},"nm":"Transform"}],"nm":"Group 8","np":2,"cix":2,"bm":0,"ix":8,"mn":"ADBE Vector Group","hd":false},{"ty":"gr","it":[{"ind":0,"ty":"sh","ix":1,"ks":{"a":0,"k":{"i":[[0,0],[0,0],[0,0],[0,0]],"o":[[0,0],[0,0],[0,0],[0,0]],"v":[[4.667,94.271],[-4.667,94.271],[-4.667,-94.271],[4.667,-94.271]],"c":true},"ix":2},"nm":"Path 1","mn":"ADBE Vector Shape - Group","hd":false},{"ty":"fl","c":{"a":0,"k":[0.783999992819,0.791999966491,0.8,1],"ix":4},"o":{"a":0,"k":100,"ix":5},"r":1,"bm":0,"nm":"Fill 1","mn":"ADBE Vector Graphic - Fill","hd":false},{"ty":"tr","p":{"a":0,"k":[242.49,998.751],"ix":2},"a":{"a":0,"k":[0,0],"ix":1},"s":{"a":0,"k":[100,100],"ix":3},"r":{"a":0,"k":0,"ix":6},"o":{"a":0,"k":100,"ix":7},"sk":{"a":0,"k":0,"ix":4},"sa":{"a":0,"k":0,"ix":5},"nm":"Transform"}],"nm":"Group 9","np":2,"cix":2,"bm":0,"ix":9,"mn":"ADBE Vector Group","hd":false},{"ty":"gr","it":[{"ind":0,"ty":"sh","ix":1,"ks":{"a":0,"k":{"i":[[0,0],[0,0],[0,0],[0,0]],"o":[[0,0],[0,0],[0,0],[0,0]],"v":[[3.167,86.963],[-3.167,94.271],[-3.167,-94.271],[3.167,-94.271]],"c":true},"ix":2},"nm":"Path 1","mn":"ADBE Vector Shape - Group","hd":false},{"ty":"fl","c":{"a":0,"k":[0.698000021542,0.709999952129,0.717999985639,1],"ix":4},"o":{"a":0,"k":100,"ix":5},"r":1,"bm":0,"nm":"Fill 1","mn":"ADBE Vector Graphic - Fill","hd":false},{"ty":"tr","p":{"a":0,"k":[131.322,998.752],"ix":2},"a":{"a":0,"k":[0,0],"ix":1},"s":{"a":0,"k":[100,100],"ix":3},"r":{"a":0,"k":0,"ix":6},"o":{"a":0,"k":100,"ix":7},"sk":{"a":0,"k":0,"ix":4},"sa":{"a":0,"k":0,"ix":5},"nm":"Transform"}],"nm":"Group 10","np":2,"cix":2,"bm":0,"ix":10,"mn":"ADBE Vector Group","hd":false},{"ty":"gr","it":[{"ind":0,"ty":"sh","ix":1,"ks":{"a":0,"k":{"i":[[0,0],[0,0],[0,0],[0,0]],"o":[[0,0],[0,0],[0,0],[0,0]],"v":[[4.667,94.271],[-4.667,94.271],[-4.667,-94.271],[4.667,-94.271]],"c":true},"ix":2},"nm":"Path 1","mn":"ADBE Vector Shape - Group","hd":false},{"ty":"fl","c":{"a":0,"k":[0.783999992819,0.791999966491,0.8,1],"ix":4},"o":{"a":0,"k":100,"ix":5},"r":1,"bm":0,"nm":"Fill 1","mn":"ADBE Vector Graphic - Fill","hd":false},{"ty":"tr","p":{"a":0,"k":[123.49,998.751],"ix":2},"a":{"a":0,"k":[0,0],"ix":1},"s":{"a":0,"k":[100,100],"ix":3},"r":{"a":0,"k":0,"ix":6},"o":{"a":0,"k":100,"ix":7},"sk":{"a":0,"k":0,"ix":4},"sa":{"a":0,"k":0,"ix":5},"nm":"Transform"}],"nm":"Group 11","np":2,"cix":2,"bm":0,"ix":11,"mn":"ADBE Vector Group","hd":false}],"ip":0,"op":120,"st":0,"bm":0}],"markers":[{"tm":60,"cm":"1","dr":0},{"tm":97,"cm":"2","dr":0}]}