{"v":"5.5.7","meta":{"g":"LottieFiles AE 0.1.20","a":"","k":"","d":"","tc":""},"fr":30,"ip":0,"op":129,"w":600,"h":600,"nm":"Comp 1","ddd":0,"assets":[{"id":"comp_0","layers":[{"ddd":0,"ind":1,"ty":5,"nm":"1","sr":1,"ks":{"o":{"a":0,"k":100,"ix":11},"r":{"a":0,"k":0,"ix":10},"p":{"a":0,"k":[311.697,194.552,0],"ix":2},"a":{"a":0,"k":[14.697,-36.948,0],"ix":1},"s":{"a":1,"k":[{"i":{"x":[0.667,0.667,0.667],"y":[1,1,1]},"o":{"x":[0.333,0.333,0.333],"y":[0,0,0]},"t":75,"s":[0,0,100]},{"i":{"x":[0.667,0.667,0.667],"y":[1,1,1]},"o":{"x":[0.333,0.333,0.333],"y":[0,0,0]},"t":89,"s":[120,120,100]},{"i":{"x":[0.667,0.667,0.667],"y":[1,1,1]},"o":{"x":[0.333,0.333,0.333],"y":[0,0,0]},"t":97,"s":[100,100,100]},{"i":{"x":[0.667,0.667,0.667],"y":[1,1,1]},"o":{"x":[0.333,0.333,0.333],"y":[0,0,0]},"t":103,"s":[130,130,100]},{"t":107,"s":[100,100,100]}],"ix":6}},"ao":0,"t":{"d":{"k":[{"s":{"s":62,"f":"ArialRoundedMTBold","t":"1","j":0,"tr":-1,"lh":74.4,"ls":15,"fc":[1,1,1]},"t":0}]},"p":{},"m":{"g":1,"a":{"a":0,"k":[0,0],"ix":2}},"a":[]},"ip":0,"op":150,"st":0,"bm":0},{"ddd":0,"ind":2,"ty":4,"nm":"Layer 8 Outlines","sr":1,"ks":{"o":{"a":0,"k":100,"ix":11},"r":{"a":0,"k":0,"ix":10},"p":{"a":0,"k":[315.598,195.369,0],"ix":2},"a":{"a":0,"k":[45.529,45.529,0],"ix":1},"s":{"a":1,"k":[{"i":{"x":[0.667,0.667,0.667],"y":[1,1,1]},"o":{"x":[0.167,0.167,0.167],"y":[0.167,0.167,20]},"t":75,"s":[0,0,100]},{"i":{"x":[0.667,0.667,0.667],"y":[1,1,1]},"o":{"x":[0.167,0.167,0.167],"y":[0.167,0.167,-6.111]},"t":89,"s":[120,120,100]},{"i":{"x":[0.667,0.667,0.667],"y":[1,1,1]},"o":{"x":[0.167,0.167,0.167],"y":[0.167,0.167,7.778]},"t":97,"s":[100,100,100]},{"i":{"x":[0.667,0.667,0.667],"y":[1,1,1]},"o":{"x":[0.333,0.333,0.333],"y":[0,0,0]},"t":103,"s":[130,130,100]},{"t":107,"s":[100,100,100]}],"ix":6}},"ao":0,"shapes":[{"ty":"gr","it":[{"ind":0,"ty":"sh","ix":1,"ks":{"a":0,"k":{"i":[[0,-25.007],[25.008,0],[0,25.007],[-25.007,0]],"o":[[0,25.007],[-25.007,0],[0,-25.007],[25.008,0]],"v":[[45.28,0],[0,45.279],[-45.28,0],[0,-45.279]],"c":true},"ix":2},"nm":"Path 1","mn":"ADBE Vector Shape - Group","hd":false},{"ty":"fl","c":{"a":0,"k":[1,0.301999978458,0.263000009574,1],"ix":4},"o":{"a":0,"k":100,"ix":5},"r":1,"bm":0,"nm":"Fill 1","mn":"ADBE Vector Graphic - Fill","hd":false},{"ty":"tr","p":{"a":0,"k":[45.529,45.529],"ix":2},"a":{"a":0,"k":[0,0],"ix":1},"s":{"a":0,"k":[100,100],"ix":3},"r":{"a":0,"k":0,"ix":6},"o":{"a":0,"k":100,"ix":7},"sk":{"a":0,"k":0,"ix":4},"sa":{"a":0,"k":0,"ix":5},"nm":"Transform"}],"nm":"Group 1","np":2,"cix":2,"bm":0,"ix":1,"mn":"ADBE Vector Group","hd":false}],"ip":0,"op":150,"st":0,"bm":0},{"ddd":0,"ind":3,"ty":4,"nm":"Layer 9 Outlines","sr":1,"ks":{"o":{"a":0,"k":100,"ix":11},"r":{"a":0,"k":0,"ix":10},"p":{"a":0,"k":[249.662,231.545,0],"ix":2},"a":{"a":0,"k":[95.117,90.894,0],"ix":1},"s":{"a":0,"k":[100,100,100],"ix":6}},"ao":0,"shapes":[{"ty":"gr","it":[{"ind":0,"ty":"sh","ix":1,"ks":{"a":0,"k":{"i":[[5.396,6.588],[0,0],[0,0],[29.015,7.058],[0,0],[8.498,0],[0,-8.498],[0,0],[0,-31.198],[0,0],[0,0],[0,0],[-8.799,0],[0,0],[0,0],[0,0]],"o":[[0,0],[0,0],[0,-31.107],[0,0],[0,-8.498],[-8.498,0],[0,0],[-29.143,6.964],[0,0],[0,0],[0,0],[-4.809,6.637],[0,0],[0,0],[0,0],[9.09,0]],"v":[[89.583,74.741],[64.898,54.554],[64.898,-3.733],[14.169,-68.165],[14.169,-75.193],[-1.281,-90.643],[-16.732,-75.193],[-16.732,-68.224],[-67.719,-3.733],[-67.719,54.335],[-67.835,54.335],[-90.169,75.211],[-80.891,90.643],[-55.358,90.643],[52.538,90.643],[80.665,90.643]],"c":true},"ix":2},"nm":"Path 1","mn":"ADBE Vector Shape - Group","hd":false},{"ty":"fl","c":{"a":0,"k":[0.342744954427,0.5066718008,1,1],"ix":4},"o":{"a":0,"k":100,"ix":5},"r":1,"bm":0,"nm":"Fill 1","mn":"ADBE Vector Graphic - Fill","hd":false},{"ty":"tr","p":{"a":0,"k":[95.229,90.894],"ix":2},"a":{"a":0,"k":[0,0],"ix":1},"s":{"a":0,"k":[100,100],"ix":3},"r":{"a":0,"k":0,"ix":6},"o":{"a":0,"k":100,"ix":7},"sk":{"a":0,"k":0,"ix":4},"sa":{"a":0,"k":0,"ix":5},"nm":"Transform"}],"nm":"Group 1","np":2,"cix":2,"bm":0,"ix":1,"mn":"ADBE Vector Group","hd":false}],"ip":0,"op":150,"st":0,"bm":0},{"ddd":0,"ind":4,"ty":4,"nm":"Layer 10 Outlines","sr":1,"ks":{"o":{"a":0,"k":100,"ix":11},"r":{"a":1,"k":[{"i":{"x":[0.667],"y":[1]},"o":{"x":[0.333],"y":[0]},"t":18,"s":[0]},{"i":{"x":[0.667],"y":[1]},"o":{"x":[0.333],"y":[0]},"t":25,"s":[-10]},{"i":{"x":[0.667],"y":[1]},"o":{"x":[0.333],"y":[0]},"t":35,"s":[10]},{"i":{"x":[0.667],"y":[1]},"o":{"x":[0.333],"y":[0]},"t":45,"s":[-10]},{"i":{"x":[0.667],"y":[1]},"o":{"x":[0.333],"y":[0]},"t":56,"s":[10]},{"i":{"x":[0.667],"y":[1]},"o":{"x":[0.333],"y":[0]},"t":66,"s":[-10]},{"t":78,"s":[0]}],"ix":10},"p":{"a":1,"k":[{"i":{"x":0.667,"y":1},"o":{"x":0.333,"y":0},"t":18,"s":[248.631,345.719,0],"to":[5.228,0,0],"ti":[5.439,0,0]},{"i":{"x":0.667,"y":1},"o":{"x":0.333,"y":0},"t":25,"s":[280,345.719,0],"to":[-5.439,0,0],"ti":[0,0,0]},{"i":{"x":0.667,"y":1},"o":{"x":0.333,"y":0},"t":35,"s":[216,345.719,0],"to":[0,0,0],"ti":[0,0,0]},{"i":{"x":0.667,"y":1},"o":{"x":0.333,"y":0},"t":45,"s":[280,345.719,0],"to":[0,0,0],"ti":[0,0,0]},{"i":{"x":0.667,"y":1},"o":{"x":0.333,"y":0},"t":56,"s":[216,345.719,0],"to":[0,0,0],"ti":[-5.439,0,0]},{"i":{"x":0.667,"y":1},"o":{"x":0.333,"y":0},"t":66,"s":[280,345.719,0],"to":[5.439,0,0],"ti":[5.228,0,0]},{"t":78,"s":[248.631,345.719,0]}],"ix":2},"a":{"a":0,"k":[24.088,11.591,0],"ix":1},"s":{"a":0,"k":[100,100,100],"ix":6}},"ao":0,"shapes":[{"ty":"gr","it":[{"ind":0,"ty":"sh","ix":1,"ks":{"a":0,"k":{"i":[[3.268,0],[0,0],[-1.04,-3.098],[-10.603,0],[-3.196,9.526]],"o":[[0,0],[-3.269,0],[3.197,9.526],[10.603,0],[1.04,-3.098]],"v":[[18.179,-11.341],[-18.178,-11.341],[-22.798,-5.049],[0.001,11.341],[22.798,-5.049]],"c":true},"ix":2},"nm":"Path 1","mn":"ADBE Vector Shape - Group","hd":false},{"ty":"fl","c":{"a":0,"k":[0.342744954427,0.5066718008,1,1],"ix":4},"o":{"a":0,"k":100,"ix":5},"r":1,"bm":0,"nm":"Fill 1","mn":"ADBE Vector Graphic - Fill","hd":false},{"ty":"tr","p":{"a":0,"k":[24.088,11.591],"ix":2},"a":{"a":0,"k":[0,0],"ix":1},"s":{"a":0,"k":[100,100],"ix":3},"r":{"a":0,"k":0,"ix":6},"o":{"a":0,"k":100,"ix":7},"sk":{"a":0,"k":0,"ix":4},"sa":{"a":0,"k":0,"ix":5},"nm":"Transform"}],"nm":"Group 1","np":2,"cix":2,"bm":0,"ix":1,"mn":"ADBE Vector Group","hd":false}],"ip":0,"op":150,"st":0,"bm":0}]}],"fonts":{"list":[{"fName":"ArialRoundedMTBold","fFamily":"Arial Rounded MT Bold","fStyle":"Regular","ascent":78.186883861199}]},"layers":[{"ddd":0,"ind":1,"ty":0,"nm":"368538-PBAI9W-7","refId":"comp_0","sr":1,"ks":{"o":{"a":0,"k":100,"ix":11},"r":{"a":0,"k":0,"ix":10},"p":{"a":0,"k":[300,300,0],"ix":2},"a":{"a":0,"k":[250,250,0],"ix":1},"s":{"a":1,"k":[{"i":{"x":[0.667,0.667,0.667],"y":[1,1,1]},"o":{"x":[0.333,0.333,0.333],"y":[0,0,0]},"t":0,"s":[0,0,100]},{"i":{"x":[0.667,0.667,0.667],"y":[1,1,1]},"o":{"x":[0.333,0.333,0.333],"y":[0,0,0]},"t":12,"s":[120,120,100]},{"i":{"x":[0.833,0.833,0.833],"y":[1,1,1]},"o":{"x":[0.333,0.333,0.333],"y":[0,0,0]},"t":18,"s":[100,100,100]},{"i":{"x":[0.833,0.833,0.833],"y":[1,1,1]},"o":{"x":[0.167,0.167,0.167],"y":[0,0,0]},"t":114,"s":[100,100,100]},{"i":{"x":[0.833,0.833,0.833],"y":[1,1,1]},"o":{"x":[0.167,0.167,0.167],"y":[0,0,0]},"t":119,"s":[120,120,100]},{"t":129,"s":[0,0,100]}],"ix":6}},"ao":0,"w":500,"h":500,"ip":0,"op":150,"st":0,"bm":0}],"markers":[],"chars":[{"ch":"1","size":62,"style":"Regular","w":59.42,"data":{"shapes":[{"ty":"gr","it":[{"ind":0,"ty":"sh","ix":1,"ks":{"a":0,"k":{"i":[[-1.205,-1.334],[-1.986,0],[0,6.543],[0,0],[1.041,1.335],[1.725,0],[0.553,-0.586],[1.823,-2.539],[2.36,-2.051],[3.938,-1.855],[1.041,-0.781],[0,-1.66],[-1.058,-1.09],[-1.367,0],[-8.269,6.348],[0,0]],"o":[[1.204,1.334],[4.459,0],[0,0],[0,-2.344],[-1.042,-1.334],[-1.53,0],[-0.554,0.586],[-1.823,2.539],[-2.361,2.051],[-2.637,1.237],[-1.042,0.781],[0,1.433],[1.057,1.091],[2.864,0],[0,0],[0,2.605]],"v":[[30.029,-0.781],[34.814,1.221],[41.504,-8.594],[41.504,-64.502],[39.941,-70.02],[35.791,-72.021],[32.666,-71.143],[29.102,-66.455],[22.827,-59.57],[13.379,-53.711],[7.861,-50.684],[6.299,-47.021],[7.886,-43.237],[11.523,-41.602],[28.223,-51.123],[28.223,-6.689]],"c":true},"ix":2},"nm":"1","mn":"ADBE Vector Shape - Group","hd":false}],"nm":"1","np":3,"cix":2,"bm":0,"ix":1,"mn":"ADBE Vector Group","hd":false}]},"fFamily":"Arial Rounded MT Bold"}]}