{"v":"5.7.4","fr":30,"ip":0,"op":38,"w":260,"h":80,"nm":"Ball loading","ddd":0,"assets":[],"layers":[{"ddd":0,"ind":1,"ty":4,"nm":"Ball Outlines","sr":0.6,"ks":{"o":{"a":0,"k":100,"ix":11},"r":{"a":1,"k":[{"i":{"x":[0.667],"y":[1]},"o":{"x":[0.333],"y":[0]},"t":0,"s":[50]},{"i":{"x":[0.667],"y":[1]},"o":{"x":[0.333],"y":[0]},"t":9,"s":[90]},{"i":{"x":[0.667],"y":[1]},"o":{"x":[0.333],"y":[0]},"t":18,"s":[135]},{"i":{"x":[0.667],"y":[1]},"o":{"x":[0.333],"y":[0]},"t":27,"s":[90]},{"t":36,"s":[50]}],"ix":10},"p":{"a":1,"k":[{"i":{"x":0.667,"y":1},"o":{"x":0.333,"y":0},"t":0,"s":[130.161,33.375,0],"to":[0,7.833,0],"ti":[0,0,0]},{"i":{"x":0.667,"y":1},"o":{"x":0.333,"y":0},"t":9,"s":[130.161,80.375,0],"to":[0,0,0],"ti":[0,0,0]},{"i":{"x":0.667,"y":1},"o":{"x":0.333,"y":0},"t":18,"s":[130.161,33.375,0],"to":[0,0,0],"ti":[0,0,0]},{"i":{"x":0.667,"y":1},"o":{"x":0.333,"y":0},"t":27,"s":[130.161,80.375,0],"to":[0,0,0],"ti":[0,7.833,0]},{"t":36,"s":[130.161,33.375,0]}],"ix":2,"l":2},"a":{"a":0,"k":[163.437,39.687,0],"ix":1,"l":2},"s":{"a":1,"k":[{"i":{"x":[0.667,0.667,0.667],"y":[1,1,1]},"o":{"x":[0.333,0.333,0.333],"y":[0,0,0]},"t":0,"s":[50,50,100]},{"i":{"x":[0.667,0.667,0.667],"y":[1,1,1]},"o":{"x":[0.333,0.333,0.333],"y":[0,0,0]},"t":6,"s":[50,50,100]},{"i":{"x":[0.667,0.667,0.667],"y":[1,1,1]},"o":{"x":[0.333,0.333,0.333],"y":[0,0,0]},"t":9,"s":[40,53.333,100]},{"i":{"x":[0.667,0.667,0.667],"y":[1,1,1]},"o":{"x":[0.333,0.333,0.333],"y":[0,0,0]},"t":12,"s":[50,50,100]},{"i":{"x":[0.667,0.667,0.667],"y":[1,1,1]},"o":{"x":[0.333,0.333,0.333],"y":[0,0,0]},"t":18,"s":[50,50,100]},{"i":{"x":[0.667,0.667,0.667],"y":[1,1,1]},"o":{"x":[0.333,0.333,0.333],"y":[0,0,0]},"t":24,"s":[50,50,100]},{"i":{"x":[0.667,0.667,0.667],"y":[1,1,1]},"o":{"x":[0.333,0.333,0.333],"y":[0,0,0]},"t":27,"s":[40,53.333,100]},{"i":{"x":[0.667,0.667,0.667],"y":[1,1,1]},"o":{"x":[0.333,0.333,0.333],"y":[0,0,0]},"t":30,"s":[50,50,100]},{"t":36,"s":[50,50,100]}],"ix":6,"l":2}},"ao":0,"shapes":[{"ty":"gr","it":[{"ind":0,"ty":"sh","ix":1,"ks":{"a":0,"k":{"i":[[-0.029,-0.228],[9.445,-3.931],[11.096,-0.293],[0.146,0.227],[-11.756,4.898],[-7.311,6.16]],"o":[[-7.297,6.094],[-11.66,4.84],[-0.154,-0.22],[11.154,-0.191],[9.504,-3.967],[0.036,0.22]],"v":[[30.151,-11.084],[4.894,4.169],[-29.697,11.759],[-30.151,11.085],[4.668,3.634],[30.055,-11.759]],"c":true},"ix":2},"nm":"Path 1","mn":"ADBE Vector Shape - Group","hd":false},{"ty":"fl","c":{"a":0,"k":[1,1,1,1],"ix":4},"o":{"a":0,"k":100,"ix":5},"r":1,"bm":0,"nm":"Fill 1","mn":"ADBE Vector Graphic - Fill","hd":false},{"ty":"tr","p":{"a":0,"k":[132.51,47.08],"ix":2},"a":{"a":0,"k":[0,0],"ix":1},"s":{"a":0,"k":[100,100],"ix":3},"r":{"a":0,"k":0,"ix":6},"o":{"a":0,"k":100,"ix":7},"sk":{"a":0,"k":0,"ix":4},"sa":{"a":0,"k":0,"ix":5},"nm":"Transform"}],"nm":"Group 1","np":2,"cix":2,"bm":0,"ix":1,"mn":"ADBE Vector Group","hd":false},{"ty":"gr","it":[{"ind":0,"ty":"sh","ix":1,"ks":{"a":0,"k":{"i":[[0,-0.007],[9.577,-3.99],[11.557,-0.088],[0.007,0],[0.082,0.221],[-12.254,5.097],[-7.363,6.233],[-0.059,-0.154],[-0.007,-0.007]],"o":[[-7.37,6.211],[-12.233,5.074],[0,-0.008],[-0.081,-0.221],[11.565,-0.015],[9.599,-4.004],[0.058,0.146],[0,0.015],[0.015,0.059]],"v":[[31.021,-11.28],[5.45,4.238],[-30.77,11.865],[-30.777,11.85],[-31.02,11.182],[5.221,3.702],[30.822,-11.866],[30.999,-11.411],[31.005,-11.383]],"c":true},"ix":2},"nm":"Path 1","mn":"ADBE Vector Shape - Group","hd":false},{"ty":"fl","c":{"a":0,"k":[1,1,1,1],"ix":4},"o":{"a":0,"k":100,"ix":5},"r":1,"bm":0,"nm":"Fill 1","mn":"ADBE Vector Graphic - Fill","hd":false},{"ty":"tr","p":{"a":0,"k":[129.756,39.678],"ix":2},"a":{"a":0,"k":[0,0],"ix":1},"s":{"a":0,"k":[100,100],"ix":3},"r":{"a":0,"k":0,"ix":6},"o":{"a":0,"k":100,"ix":7},"sk":{"a":0,"k":0,"ix":4},"sa":{"a":0,"k":0,"ix":5},"nm":"Transform"}],"nm":"Group 2","np":2,"cix":2,"bm":0,"ix":2,"mn":"ADBE Vector Group","hd":false},{"ty":"gr","it":[{"ind":0,"ty":"sh","ix":1,"ks":{"a":0,"k":{"i":[[-0.044,-0.206],[0,0],[9.489,-3.96],[11.513,-0.052],[0.03,0.059],[0.022,0.037],[0.073,0.161],[-12.254,5.097],[-7.311,6.19]],"o":[[0,0],[-7.304,6.153],[-12.195,5.053],[-0.007,0],[-0.014,-0.036],[-0.074,-0.153],[11.542,0.022],[9.527,-3.975],[0.058,0.198]],"v":[[30.881,-11.165],[30.881,-11.158],[5.551,4.22],[-30.55,11.774],[-30.609,11.67],[-30.66,11.568],[-30.88,11.099],[5.324,3.685],[30.727,-11.774]],"c":true},"ix":2},"nm":"Path 1","mn":"ADBE Vector Shape - Group","hd":false},{"ty":"fl","c":{"a":0,"k":[1,1,1,1],"ix":4},"o":{"a":0,"k":100,"ix":5},"r":1,"bm":0,"nm":"Fill 1","mn":"ADBE Vector Graphic - Fill","hd":false},{"ty":"tr","p":{"a":0,"k":[131.039,43.179],"ix":2},"a":{"a":0,"k":[0,0],"ix":1},"s":{"a":0,"k":[100,100],"ix":3},"r":{"a":0,"k":0,"ix":6},"o":{"a":0,"k":100,"ix":7},"sk":{"a":0,"k":0,"ix":4},"sa":{"a":0,"k":0,"ix":5},"nm":"Transform"}],"nm":"Group 3","np":2,"cix":2,"bm":0,"ix":3,"mn":"ADBE Vector Group","hd":false},{"ty":"gr","it":[{"ind":0,"ty":"sh","ix":1,"ks":{"a":0,"k":{"i":[[0,-1.357],[18.216,0],[5.962,8.565],[0.146,0.227],[0.44,0.807],[0.007,0.015],[0.14,0.278],[0.029,0.058],[0.022,0.037],[0.074,0.161],[0.074,0.161],[0.051,0.139],[0.228,0.608],[0,0],[0.015,0.015],[0.007,0],[0.082,0.221],[0,3.813],[-18.231,0],[-5.925,-5.654],[0,0],[-0.594,-0.682],[-0.154,-0.184],[-0.441,-0.586],[-0.133,-0.168],[-0.976,-2.457],[-0.059,-0.154],[-0.007,-0.007],[-0.278,-1.056],[-0.044,-0.205],[0,0],[-0.154,-1.122],[-0.03,-0.227]],"o":[[0,18.23],[-11.235,0],[-0.154,-0.22],[-0.507,-0.763],[-0.015,-0.022],[-0.146,-0.271],[-0.007,0],[-0.015,-0.037],[-0.074,-0.153],[-0.08,-0.162],[-0.051,-0.125],[-0.271,-0.586],[0,0],[-0.014,-0.015],[0,-0.008],[-0.081,-0.22],[-1.18,-3.402],[0,-18.216],[8.837,0],[0,0],[0.646,0.624],[0.161,0.176],[0.469,0.557],[0.117,0.176],[1.503,2.127],[0.058,0.146],[0,0.014],[0.389,1.012],[0.059,0.199],[0,0],[0.278,1.078],[0.036,0.221],[0.161,1.313]],"v":[[32.993,0],[0.008,33],[-27.096,18.839],[-27.55,18.165],[-28.966,15.818],[-28.988,15.774],[-29.421,14.953],[-29.479,14.85],[-29.531,14.747],[-29.751,14.278],[-29.986,13.794],[-30.154,13.398],[-30.895,11.602],[-30.895,11.587],[-30.924,11.543],[-30.932,11.528],[-31.174,10.86],[-32.992,0],[0.008,-33],[22.799,-23.863],[22.85,-23.812],[24.706,-21.868],[25.176,-21.325],[26.548,-19.602],[26.921,-19.089],[30.669,-12.188],[30.844,-11.733],[30.852,-11.704],[31.855,-8.595],[32.01,-7.986],[32.01,-7.979],[32.656,-4.679],[32.751,-4.004]],"c":true},"ix":2},"nm":"Path 1","mn":"ADBE Vector Shape - Group","hd":false},{"ty":"fl","c":{"a":0,"k":[0.972608139936,0.047429182015,0.307941631242,1],"ix":4},"o":{"a":0,"k":100,"ix":5},"r":1,"bm":0,"nm":"Fill 1","mn":"ADBE Vector Graphic - Fill","hd":false},{"ty":"tr","p":{"a":0,"k":[129.91,40],"ix":2},"a":{"a":0,"k":[0,0],"ix":1},"s":{"a":0,"k":[100,100],"ix":3},"r":{"a":0,"k":0,"ix":6},"o":{"a":0,"k":100,"ix":7},"sk":{"a":0,"k":0,"ix":4},"sa":{"a":0,"k":0,"ix":5},"nm":"Transform"}],"nm":"Group 4","np":2,"cix":2,"bm":0,"ix":4,"mn":"ADBE Vector Group","hd":false}],"ip":0,"op":38.5714285714286,"st":0,"bm":0},{"ddd":0,"ind":2,"ty":4,"nm":"Shape Layer 1","sr":1,"ks":{"o":{"a":1,"k":[{"i":{"x":[0.667],"y":[1]},"o":{"x":[0.333],"y":[0]},"t":0,"s":[15]},{"i":{"x":[0.667],"y":[1]},"o":{"x":[0.333],"y":[0]},"t":9,"s":[35]},{"i":{"x":[0.667],"y":[1]},"o":{"x":[0.333],"y":[0]},"t":18,"s":[15]},{"i":{"x":[0.667],"y":[1]},"o":{"x":[0.333],"y":[0]},"t":27,"s":[35]},{"t":36,"s":[15]}],"ix":11},"r":{"a":0,"k":0,"ix":10},"p":{"a":0,"k":[130.202,76.531,0],"ix":2,"l":2},"a":{"a":0,"k":[-6,33.25,0],"ix":1,"l":2},"s":{"a":1,"k":[{"i":{"x":[0.667,0.667,0.667],"y":[1,1,1]},"o":{"x":[0.333,0.333,0.333],"y":[0,0,0]},"t":0,"s":[110,100,100]},{"i":{"x":[0.667,0.667,0.667],"y":[1,1,1]},"o":{"x":[0.333,0.333,0.333],"y":[0,0,0]},"t":9,"s":[70,100,100]},{"i":{"x":[0.667,0.667,0.667],"y":[1,1,1]},"o":{"x":[0.333,0.333,0.333],"y":[0,0,0]},"t":18,"s":[110,100,100]},{"i":{"x":[0.667,0.667,0.667],"y":[1,1,1]},"o":{"x":[0.333,0.333,0.333],"y":[0,0,0]},"t":27,"s":[70,100,100]},{"t":36,"s":[110,100,100]}],"ix":6,"l":2}},"ao":0,"shapes":[{"ty":"gr","it":[{"d":1,"ty":"el","s":{"a":0,"k":[49.596,7.219],"ix":2},"p":{"a":0,"k":[0,0],"ix":3},"nm":"Ellipse Path 1","mn":"ADBE Vector Shape - Ellipse","hd":false},{"ty":"fl","c":{"a":0,"k":[0.067894550398,0.067894550398,0.067894550398,1],"ix":4},"o":{"a":0,"k":100,"ix":5},"r":1,"bm":0,"nm":"Fill 1","mn":"ADBE Vector Graphic - Fill","hd":false},{"ty":"tr","p":{"a":0,"k":[-6.202,33.109],"ix":2},"a":{"a":0,"k":[0,0],"ix":1},"s":{"a":0,"k":[100,100],"ix":3},"r":{"a":0,"k":0,"ix":6},"o":{"a":0,"k":100,"ix":7},"sk":{"a":0,"k":0,"ix":4},"sa":{"a":0,"k":0,"ix":5},"nm":"Transform"}],"nm":"Ellipse 1","np":3,"cix":2,"bm":0,"ix":1,"mn":"ADBE Vector Group","hd":false}],"ip":0,"op":60,"st":0,"bm":0}],"markers":[]}